Company,Job Title,Description,Time Posted,Location,Image URL
GC + SOHO,Marketing Graphics and Product Image Designer II,Ecom team seeks HYBRID (4 in office/1 WFH) Digital Mktg Designer + Product Photo editor),3 days ago,"Dallas, TX, USA",https://mir-s3-cdn-cf.behance.net/a90475c1eb60311f93b7cf665332a8e3/aa0eb795-0280-4a96-8b59-9bf784b2159a_acc_180x180.png?h=eb2d4fb8a9863532e42f00c9f47db95b
Zest Dental Solutions,Multi-Media Digital Designer,Looking for a creative generalist [Hybrid Role - Remote Possible for Top Talent],3 days ago,"Carlsbad, CA, USA",https://mir-s3-cdn-cf.behance.net/238343a3e5e4540c2579c9d2423fc973/3a7c3233-ada5-41a9-9ebf-f515fc0a0474_acc_180x180.png?h=22f263df3cbfeb7b0a5cf86742b09eb1
Atlanta Magazine Custom Media,Art Director,Seeking mid-level Art Director for our custom media division.,4 days ago,"North Atlanta, GA, USA",https://mir-s3-cdn-cf.behance.net/b0b871d57a91d60376545b4fb19c4077/f4fef9d5-1ade-4d6f-bfc0-8c531d0472ab_acc_180x180.png?h=fd6ace6d933abb6439bc64e080d1d422
NYC Campaign Finance Board,Graphic Designer,Creative ideas and collaborating with internal Design and Content,13 days ago,"NY, USA",https://mir-s3-cdn-cf.behance.net/4b6f17e66490df818bf9b27f9acc6bd6/d9a9434e-ed5b-4850-b370-8064f74ad962_acc_180x180.png?h=2e24b397d31963dea262ab19f4fdff51
School of Visual Arts,Systems Administrator,Hiring a Systems Admin with design/makerspace background for higher ed role!,17 days ago,"New York, NY, USA",https://mir-s3-cdn-cf.behance.net/3b39d59731d19d69fa596f4f4eccc3a3/a08d19fc-0dc7-46a8-ba1e-3e1ce9a804bb_acc_180x180.png?h=3e6b992e7381843e5c529aee31b05ab0
Bubba's LA,Motion Graphic Designer,We are looking for a full-time motion graphics designer,20 days ago,"Los Angeles, CA, USA",https://mir-s3-cdn-cf.behance.net/1c09a383334e7a27bf35c64cc6947e07/b086cb2e-b77a-4122-9cde-018359c8f2dc_acc_180x180.png?h=ce90f32a7446185027bc871cb37987a1
Bogey Bros Golf Co,Graphic Designer (DFW APPLICANTS ONLY),Looking for a Graphic Designer with ecommerce and facebook ad experience,a month ago,"Richardson, TX, USA",https://mir-s3-cdn-cf.behance.net/9a02b310df743afe9dff0d9fb115260e/7d44b811-f9c2-4e03-99fd-01863a7dda31_acc_180x180.jpg?h=f9db8d8f441f36570289d1ab68ee2d0a
Marketer Granted,Creative Graphic Artist,"PP Presentations, Workbooks and Web Pages",4 days ago,USA,https://mir-s3-cdn-cf.behance.net/266b7b03fc92eb209ceffee6cf85f300/21a4d193-11f9-4106-9366-6244fd64561b_acc_180x180.png?h=e69b64cf7d34f6fc47d2f9ef79e397b7
John Collins,CMF Design Engineer,Create CMF strategies for interiors and exteriors of our automotive products,4 days ago,"Long Beach, CA, USA",https://a5.behance.net/e0a20413c6f39797d50d0d7ca7594add55d1b041/img/profile/avatars/selection-100.png?cb=264615658
Stackit Digital,Multi-Talented Designer and Animator for Website and Brand Design,We're looking for a multi-talented designer and animator for website and brand design,6 days ago,Anywhere,https://mir-s3-cdn-cf.behance.net/164a6d656a4b50454c8a14b87a7a61c6/36ef4106-39e4-407d-9f6b-24cdf69d3430_acc_180x180.png?h=0d6112ea9dca2bed2670c51a5ee3bae0
Four & More,Grafik- & Webdesigner,Wir suchen ab sofort eine/n begeisterten Mediendesigner (m/w/d),5 days ago,Germany,https://mir-s3-cdn-cf.behance.net/c5df416428998e98b27f3e7546a5de1d/e37a52b2-0086-437d-8004-62725eb65979_acc_180x180.png?h=a4cd0cb0cfcbb1977c7cba8b1e26600e
Publicis Sapient,UX Designer Intern - Milan Based,UX Designer per stage curriculare,5 days ago,"Milano, Italy",https://mir-s3-cdn-cf.behance.net/146c8310be8f27c90f2b55d188e82066/937ba084-e142-441f-9f5e-c4b102be4c7a_acc_180x180.png?h=62ad80c5277e2ebb8aa9151a841148b1
Lucky Rabbit,Director de Arte senior - dise√±ador motion grapher,Director de arte motion graphic,5 days ago,Anywhere,https://mir-s3-cdn-cf.behance.net/c8e5f99989d7c01cf4f55f8da124a5db/26dac603-9093-4ff4-b12b-7817da1221d5_acc_180x180.png?h=3f4261e41bfc1de8086049164d9e856e
INBOX Agency,Graphic Designer,(3 years of experience in social media designs and branding),6 days ago,"Mahalla al Kubra, Egypt",https://mir-s3-cdn-cf.behance.net/c5a2405c7800bb0f0b71505854b7a245/240f4361-89af-43ad-a25b-b2b919c3dfc2_acc_180x180.png?h=eb12df68f4544e3017e7bb9ac1e9b1c2
Triple-D visualisaties b.v.,3D Artist / Interieurontwerper,Bij Triple-D zijn we op zoek naar een nieuwe collega 3D Artist / interieurontwerper.,6 days ago,Netherlands,https://mir-s3-cdn-cf.behance.net/d9928908ea460eb36760ec7ffec8005c/576f8ddf-cac7-4af9-9d17-132e0d5df273_acc_180x180.jpg?h=3de7e245618c6846465541ac2170b4f0
Stackit Digital,Multi-Talented Designer and Animator for Website and Brand Design,We're looking for a multi-talented designer and animator for website and brand design,6 days ago,Anywhere,https://mir-s3-cdn-cf.behance.net/164a6d656a4b50454c8a14b87a7a61c6/36ef4106-39e4-407d-9f6b-24cdf69d3430_acc_180x180.png?h=0d6112ea9dca2bed2670c51a5ee3bae0
Tangible immersive,3D product animation,Artista 3D especialista en animacion de producto.,6 days ago,"Medell√≠n, Colombia",https://mir-s3-cdn-cf.behance.net/2a5e830826d723c4a6b5913cdffd6dbc/4f5d96c1-1ae5-47e4-8350-d3a76f907f4e_acc_180x180.png?h=f0390df57c47e6ea45082566f8fbfd3b
EMPIRE COSMIC,Graphic Novel - Background Artist,Background Artist for Ongoing Graphic Novel Project,6 days ago,Anywhere,https://mir-s3-cdn-cf.behance.net/00d0a8e9198500d4da312ee1086d9104/61fdce5a-26aa-4ef9-8f50-b0dc213e481a_acc_180x180.png?h=e7ea3209d14ff079cff27c4ea9f04f8f
Empire Cosmic,Graphic Novel - Colourist,Colourist for ongoing graphic novel,6 days ago,Anywhere,https://mir-s3-cdn-cf.behance.net/4566911785eb9246d84104b092e7feff/06b1acad-87e4-480b-871f-f3bd1602db1d_acc_180x180.png?h=4c289d58a139e161a40aadf98110a8dc
Kurrent,Graphic Designer - Digital Marketing & Design,Looking for enthusiastic Graphic Designers with a keen eye for current trends!,7 days ago,Anywhere,https://mir-s3-cdn-cf.behance.net/add1da87c3cb545fbfdc0608e5b48eea/391e4d91-e095-4e15-a55f-ca698ef417c3_acc_180x180.png?h=d91a93be67daef1a312e51d7050fee18
AQOMI,Jr. Creative Designer,Do you have a unique style?,7 days ago,Anywhere,https://mir-s3-cdn-cf.behance.net/9aa7ee397b2ab78c3b05863630a45c8a/46e71f15-f141-4e07-a140-501ea35cff05_acc_180x180.jpg?h=ed6935f5a43bcaf6716d55029ecc2710
Example Structure,Facebook Ad Designer,Create high-performing clickbait Facebook ads and Landing Pages,8 days ago,Anywhere,https://mir-s3-cdn-cf.behance.net/e30c98c04f5ebf77e16e158b3c868917/e8a19049-3047-41e4-b47d-9b24fbe4e7d0_acc_180x180.jpg?h=97c046886f8184e4111dc73ad1b9be09
LOBO STUDIO,Full-Time 3D Archviz Artist (Remote),3D Architectural Visualization (Archviz) Artist,9 days ago,Anywhere,https://mir-s3-cdn-cf.behance.net/0c598dcb4a8976f31053b8fe85113cbe/73f64ce5-4f60-4a22-a696-0f764839ef6a_acc_180x180.png?h=75074928400b3ce2e07fc6aecfb1600d
SkyHouse Agency,Facebook Ad Designer,Create high-performing clickbait Facebook ads and Landing Pages,9 days ago,Anywhere,https://mir-s3-cdn-cf.behance.net/70805adfafb8d4644999f13a955ba7c1/e00ca4be-736f-4202-993d-1e92b0d61832_acc_180x180.jpg?h=9810bb94664f1e100a386d70ad0dc23c
UAE Flowers,Videographer and Video Editor,Looking for Videographer and Video Editor for Social Media Content,9 days ago,United Arab Emirates,https://mir-s3-cdn-cf.behance.net/859403392ea6c095c4831569408baf18/ce62b439-5623-4912-965e-d3fdcf6d5a3d_acc_180x180.png?h=1d600ff10db1802013bd51a9bb4764e4
AQOMI,Art Director,Are you an Art Director?,10 days ago,Anywhere,https://mir-s3-cdn-cf.behance.net/3981fb1a27e1aaa5e8ef37bf04c5d0db/5208864b-47d7-4292-9ade-da2b3e6dce69_acc_180x180.jpg?h=fd85b12b4f2aeb3418e2a0ae25e190f3
SR BRANDER,Dise√±ador de personajes 3D,Dise√±ador de personajes 3D para agencia de branding,12 days ago,Anywhere,https://mir-s3-cdn-cf.behance.net/2c85f09d4f826d34bf57a2cf973b6d6e/b7619b16-cd26-48db-91b9-53092f08beed_acc_180x180.png?h=33aa71125b5fb848dbb1c5c68566e3f1
Si√™u th·ªã Genshai,Thi·∫øt k·∫ø ƒë·ªì h·ªça (Inhouse Graphic Designer),H·ªá th·ªëng si√™u th·ªã Genshai ƒëang t√¨m ki·∫øm in-house graphic designer,13 days ago,Vietnam,https://mir-s3-cdn-cf.behance.net/47b97936e5dc94982cb68ed615dd0cb9/f80ebc90-93fd-4eb7-a2ba-34c68c77185a_acc_180x180.png?h=f35e705c59e28cbd0f4ae1cea8ea726b
Made in Lx,Editor de V√≠deo / Criador de Conte√∫do,Editor de V√≠deo / Criador de Conte√∫do criativo,13 days ago,"Lisbon, Portugal",https://mir-s3-cdn-cf.behance.net/945c01a2158284b4d166f495f42a6a33/cac8ec55-d604-4b7d-8945-9236eaff1089_acc_180x180.png?h=8cd993548ea4862351686929c078fc26
Octopus,Graphiste - BELGIUM ONLY !!!!,üêô Octopus est √† la recherche d‚Äôun graphiste cr√©atif pour renforcer son √©quipe.,13 days ago,Anywhere,https://mir-s3-cdn-cf.behance.net/2343ab3ab86a87d7b899bede927d6bd3/806f9743-c054-45f0-ae2c-7d002191b3f0_acc_180x180.png?h=7b3184973f12796143e0db7569d3afa7
NYC Campaign Finance Board,Graphic Designer,Creative ideas and collaborating with internal Design and Content,13 days ago,"NY, USA",https://mir-s3-cdn-cf.behance.net/4b6f17e66490df818bf9b27f9acc6bd6/d9a9434e-ed5b-4850-b370-8064f74ad962_acc_180x180.png?h=2e24b397d31963dea262ab19f4fdff51
NSIGHT CONSULTING PVT. LTD.,Graphic Designer Intern,If you have the talent to make creatives look better and bright. Join Us!,13 days ago,India,https://mir-s3-cdn-cf.behance.net/4dd6409accdb1a994ab3a32d534c7b1a/58606333-f4a9-4128-af6a-321a0ee6ff13_acc_180x180.png?h=acb08f52f8fb4abc7bdfd02db9c681f6
Empire Cosmic,Graphic Novel Illustrator,Graphic Novel Artist for Multi-volume Project,13 days ago,Anywhere,https://mir-s3-cdn-cf.behance.net/eaa9e1cf7387c9b884c8429fcb1b1450/41c46483-8942-4cc0-b826-cde2cdbe48d1_acc_180x180.png?h=749d3c08cc48ac724d5f75b83a00aa24
Creativ Medium,"Creative Technologist (Consulting Basis, Remote, Project-Based)","Creative Technologist (Consulting Basis, Remote, Project-Based)",14 days ago,Anywhere,https://mir-s3-cdn-cf.behance.net/4fc642874f84a16f1ed7635abc4117b3/f6ffe4b0-4935-419e-bd6a-8f923befffaf_acc_180x180.png?h=d50fec8245cb73a4bd5bdf86fe4b2518
O2 Dubai,Videographer (Dubai Based),We are seeking a talented and creative Videographer to join our team.,15 days ago,United Arab Emirates,https://mir-s3-cdn-cf.behance.net/00970a528b1730138208ad365bbf5e3f/29e2ca45-9384-44a4-bb56-a31b4d1bbd7d_acc_180x180.jpg?h=966270f0956f600ed75f496fda375b8d
KONSOLOS YAPI,Mersin ƒ∞n≈üaat Ofisimiz i√ßin Deneyimli Sanat Y√∂netmeni Arƒ±yoruz,Uzman Art Director ve Grafik Tasarƒ±m Uzmanƒ± Aranƒ±yor,16 days ago,Turkey,https://mir-s3-cdn-cf.behance.net/ed66fbeaa58a373f2ba975ec2e8b8fb5/3186864d-7ea9-43b1-9016-2bd66167c47b_acc_180x180.png?h=840622c401c32c2cf850ec8c5cc45bc3
Ket Kolektif,Art Director,Art Director Arƒ±yoruz,17 days ago,"Ankara, Turkey",https://mir-s3-cdn-cf.behance.net/efad1b0b94b0dc3eddbcd458ac151ca5/15fc210b-17d7-4f6a-b8f2-ee4066df03ce_acc_180x180.png?h=99b9083e44a6d1d6e63c29f39653992b
Wondrous Creations,Web Artist / Web Designer,We're on the lookout for a web designer / web artist to work with our small team.,17 days ago,Anywhere,https://mir-s3-cdn-cf.behance.net/b23eabc3744d6582643e95cdfd65fa8f/b21f68fd-5009-4f36-b048-064319c18d24_acc_180x180.png?h=b4b0dba721d7df93400e20232d89d4fe
School of Visual Arts,Systems Administrator,Hiring a Systems Admin with design/makerspace background for higher ed role!,17 days ago,"New York, NY, USA",https://mir-s3-cdn-cf.behance.net/3b39d59731d19d69fa596f4f4eccc3a3/a08d19fc-0dc7-46a8-ba1e-3e1ce9a804bb_acc_180x180.png?h=3e6b992e7381843e5c529aee31b05ab0
unctrl,Graphic Designer,Looking for a Graphic designer with 1-2 years experience preferably in Advertising Design,17 days ago,"Mumbai, India",https://mir-s3-cdn-cf.behance.net/af30b307d73ea9f79e10eeb707aa3091/3515c3d3-7c39-4fe5-9ef9-7a7b94b1c8d5_acc_180x180.jpg?h=ad77ab0278b75048fb4637cd2856e9c8
Marabih Investment Holding Co.,Graphic Designer/ Photographer,We are looking for a talented and motivated Graphic Designer to join our dynamic team.,18 days ago,"Al Khobar, Saudi Arabia",https://mir-s3-cdn-cf.behance.net/d1d136c67dbccc6e6503ca37376206a5/64953e44-cdf6-43bc-9287-3ef0f8f576a4_acc_180x180.jpg?h=c7e3d3fa464e42f1a0e7041d3be7092b
Admaren Tech Pvt LTD,Graphics Designer,A seasoned designer with 5+ years of experience in graphic design/UX/UI/Web Design,19 days ago,India,https://mir-s3-cdn-cf.behance.net/474a286c0b5da84f4372d083010b5ffa/56903d37-83e0-439f-97ab-46e5a22c936e_acc_180x180.jpg?h=d5c773a281ae312c4e0a2862df2a7326
WEDatlas,Designer UI\UX\Social media,Wedatlas recrute un(e) graphiste cr√©atif(ve),19 days ago,"Bab Ezzouar, Algeria",https://mir-s3-cdn-cf.behance.net/a3fb41fd36e708e308a1163806fddc4a/86019a62-a04e-4b10-9664-b590142292dd_acc_180x180.png?h=c1b9f828b8ce097da8bb0be7cb8e656b
Peppermint Productions,Graphic Illustrator,WE are looking for a graphic designer who is also good at illustration.,19 days ago,"Mumbai, India",https://mir-s3-cdn-cf.behance.net/e819c354ab4763555898482ce8d3c240/b98460b5-ca97-49e0-b8e7-52528a31a8f2_acc_180x180.png?h=0cbb03d7a89e310af9ad4313bad10dd9
Viernes Estrategia Audiovisual SAS,Ilustrador/a,En b√∫squeda de un talentoso ilustrador/a que desee formar parte de nuestro equipo creativo,19 days ago,"Palmira, Colombia",https://mir-s3-cdn-cf.behance.net/66d52223655d4706d8ed74c7439d3484/c34f3e0d-0935-4225-ae5f-3d254c4c3d40_acc_180x180.jpeg?h=fbb586f6812d269d15d4050c8740aaf2
Make Relish,"Remote Motion Graphics Artist - Argentina, Colombia, Indonesia, India, Malaysia, Mexico, Peru, Philippines",We are looking for an awesome Motion Graphics Artists!,19 days ago,Anywhere,https://mir-s3-cdn-cf.behance.net/9ada784ca3584eee39d3c9d6e70a526d/18bbc8f0-ec1d-4c33-b813-bb7821373e07_acc_180x180.png?h=e223b8335eb294e456ee12eab3f39770
"O2, INC",Branding Designer,We are seeking a talented and creative Brand Designer to join our team remotely.,19 days ago,Anywhere,https://mir-s3-cdn-cf.behance.net/1cdd4077eccf4b547a0f36b3c8ffc668/67f6c95f-9d84-4f2c-92f8-68e786b6cdec_acc_180x180.jpg?h=6b515f35e2eaa12ee2d77a7e5311a849
tocaan,Graphic Designer & UI/UX Designer (Full-Time) Remotely,Graphic Designer & UI/UX Designer to join our dynamic team.,20 days ago,Egypt,https://mir-s3-cdn-cf.behance.net/0d4cef18e9c5857d5759766e1bd955ed/34f3b006-b4fd-450d-8a26-145d42e9ebe4_acc_180x180.png?h=53c4b9b4ee0046b129fd6fd1678ddd64
Bubba's LA,Motion Graphic Designer,We are looking for a full-time motion graphics designer,20 days ago,"Los Angeles, CA, USA",https://mir-s3-cdn-cf.behance.net/1c09a383334e7a27bf35c64cc6947e07/b086cb2e-b77a-4122-9cde-018359c8f2dc_acc_180x180.png?h=ce90f32a7446185027bc871cb37987a1
Everbook,Illustrator for children's books & romantic books,We're looking for an illustrator with a wonderful style,20 days ago,Anywhere,https://mir-s3-cdn-cf.behance.net/7ebbc9955b11eab45da2f7516d812a9e/bb67a418-1650-4fd9-b57a-f60cb9121ba8_acc_180x180.png?h=6d5bc3f5471ea437ceeb9bbc20cd4409
Silly Monks Entertainment,Graphic Designer,We @SillyMonks are looking for a Visual/ Graphic Designer.,20 days ago,"Hyderabad, India",https://mir-s3-cdn-cf.behance.net/3326514e4d7a263f8a5a1cdc0eb79154/3dc3d7c1-59a0-44f1-a9e0-df3d8dc7cea2_acc_180x180.png?h=afdccf07dac8b24a7ff016eacdf31ab7
Puentte Estudio,Motion Designer,Motion Designer,20 days ago,Anywhere,https://mir-s3-cdn-cf.behance.net/ea076d3fc807dfedd2210ce348086b6f/43b51a96-1b67-4aa8-9b5c-55382bf8b0ae_acc_180x180.png?h=759a53bbcff8a2fd7a9936c16e6ad4fb
AuraKomms Media Pictures Pvt. Ltd.,Creative Graphic Designer,Hiring full time onsite Creative Graphic Designer proficient in Illustrator and Photoshop,22 days ago,"Mumbai, India",https://mir-s3-cdn-cf.behance.net/cb0417494012b9d0b9b925e6d4c530d1/ff9d23f4-1946-438f-9b77-3aa630ffecfc_acc_180x180.jpg?h=f0062fb9e655cd9c7b48427621c131ef
AuraKomms Media Pictures Pvt. Ltd.,Motion Graphics Designer,"Aftereffects, Photoshop, and Illustrator",22 days ago,"Mumbai, India",https://mir-s3-cdn-cf.behance.net/6ed0fe6adad429f5d15b5b4f104b7d92/f57266e7-f9b1-4c21-9be9-4a4ce8712f65_acc_180x180.jpg?h=6406caa79535d6f9ed36a6269aedf04b
Digital Champ,Graphic / UI UX & Video Editor,Create impactful visuals with innovation at Digital Champ. Apply now!,23 days ago,Anywhere,https://mir-s3-cdn-cf.behance.net/1e8d4e794861dbf9b8fbff1ae02dbbeb/3e0212df-3130-48e7-be45-ef891f3c5ef2_acc_180x180.png?h=0de28d8958e2fb7b0b28299081a6ce7c
Ï£ºÏãùÌöåÏÇ¨ Ïä§ÌÄòÏñ¥Ïõê,Í∑∏ÎûòÌîΩ ÎîîÏûêÏù¥ÎÑà,Îã§ÏñëÌïú ÏóÖÎ¨¥Î•º ÏàòÌñâÌïòÏã§ Ïàò ÏûàÎäî Í∑∏ÎûòÌîΩ ÎîîÏûêÏù¥ÎÑàÎ•º Íµ¨Ìï©ÎãàÎã§.,23 days ago,"Seoul, Korea, Republic of",https://mir-s3-cdn-cf.behance.net/6eef9b321abb9de8d4fc6086d38b5d65/940aeca8-8d7f-4a64-bbda-eb5b70f1f891_acc_180x180.png?h=6f56d3d0f0d63fada05893d851744b03
"O2, INC",Motion Graphics Designer,Remote working Motion Graphics Designer Wanted,23 days ago,Anywhere,https://mir-s3-cdn-cf.behance.net/8a8f043fbc026e1e4330a3185ba5f9b0/21e0db80-9ddf-4d11-9d78-20f0f6de442d_acc_180x180.jpg?h=f220ecf75754e76abaa362b8d87588ef
LambdaClass,Front-End Designer,"At LambdaClass, we are looking for a creative Front-End Designer ready to make an impact.",23 days ago,Argentina,https://mir-s3-cdn-cf.behance.net/08c6e6ec8aae123f0bb8210c0bec0af1/bc829f12-64d5-4532-859b-4169be92c973_acc_180x180.png?h=b52f8c2be4d29c39b3b2ad8e0a14b4bb
IVENTIONS,3D Exhibition Stand Designer,We are looking for a 3D Exhibition Stand Designer - Join our team!,24 days ago,Spain,https://mir-s3-cdn-cf.behance.net/e7db1f890bbbc76e02b5e1764510434a/51e8d8e2-8630-45a3-bfc2-0c38d6beac43_acc_180x180.png?h=836952c8d819423ad3104bad84400e12
White Space,Part-Time Creative Content Creator,"Content Creator in Jeddah for copywriting, Reels, and social media content creation.",25 days ago,Saudi Arabia,https://mir-s3-cdn-cf.behance.net/03f5051626c77cbd498d3426441a549b/2cd07698-e4ba-441d-9cdd-d9979a34fe24_acc_180x180.png?h=607d28349bfe0a8f0362c557c37557fa
Creative Brains,Social Media Specialist,We're looking for a talented and creative social media specialist,25 days ago,"Cairo, Egypt",https://mir-s3-cdn-cf.behance.net/da5efff5e18eb53f459d4fad40f6d03f/1d631ffa-9158-4786-b754-60caa769b427_acc_180x180.png?h=4e79146a04a3bcfdf777e428504ec15a
Metroimagen SL,Dise√±ador de interiores,Dise√±ador de interiores con conocimientos en 3D y gesti√≥n de proyectos de principio a fin.,25 days ago,"Arroyomolinos, Spain",https://mir-s3-cdn-cf.behance.net/d943f5b0d8e0b91c93d2b3ef62e29227/63b8d95e-81f3-40aa-b185-226e311b03e3_acc_180x180.png?h=364dc6769f3492050b4070813896f426
Impact3,Video Editor,"We‚Äôre seeking a Video Editor to create impactful, story-driven content for top brands.",a month ago,Brazil,https://mir-s3-cdn-cf.behance.net/38c2cc13a61f9c591ff02dfbcc369fff/f5bbdada-2490-416d-9110-5170d2bec531_acc_180x180.png?h=8e02078dc86874a87db31696df4954f4
ETIQUETA NEGRA,Dise√±adora Gr√°fica,Buscamos Dise√±adora Gr√°fica con experiencia en marcas de moda.,a month ago,"Buenos Aires, Argentina",https://mir-s3-cdn-cf.behance.net/f3153edb8291fd47ea201d007acdf54f/eb0b71cf-8cdb-4bf3-8b4d-5bfc1a5ccdba_acc_180x180.jpg?h=582984713dbd265b46e05d131149ce2f
Pandotive Design & Marketing Sdn Bhd,Graphic Designer,We are looking for Graphic Designer to join our team.,a month ago,"Cheras, Malaysia",https://mir-s3-cdn-cf.behance.net/94797e562a0025d5aff6cfcb396957fc/c1c3d3b0-431b-48cd-a765-29c53ac11693_acc_180x180.jpg?h=1cda8611a87b2a65bd8f06bcb65ea0be
stellenmanufaktur,Webdesigner und Webprogrammierer gesucht (m/w/d),"Wir sind ein aufstrebendes Unternehmen, das marketingorientierte Internetl√∂sungen in ...",a month ago,Anywhere,https://mir-s3-cdn-cf.behance.net/564ef7416ab9bd3ca5c232708aa015fe/200c4147-eda4-4325-a38b-9fd82a5609d0_acc_180x180.png?h=50a0d22e3a559b7804f02c5ce344d0af
stellenmanufaktur,Web Developer gesucht (m/w/d),"Jede geniale Idee braucht jemanden, der sie umsetzt.",a month ago,Anywhere,https://mir-s3-cdn-cf.behance.net/5d4599ecc8111f54a3e7bb4ead9c209d/a0af48d7-9338-46bc-a0d0-7994c0d30460_acc_180x180.png?h=ad1333f90a1fb90a59192fd9588bcc82
Garanti Roasters,Video ƒ∞√ßerik √úreticisi / Videographer,Kahve d√ºnyasƒ±nda yenilik√ßi bir Video ƒ∞√ßerik √úreticisi arƒ±yoruz,a month ago,Turkey,https://mir-s3-cdn-cf.behance.net/bc9c025c3fec1b52161f1995285cd41f/dc9cdb4a-87ad-454f-b575-054dd0bf4a51_acc_180x180.png?h=306a734e8bd0209ec7579a16e7a2deaa
Bogey Bros Golf Co,Graphic Designer (DFW APPLICANTS ONLY),Looking for a Graphic Designer with ecommerce and facebook ad experience,a month ago,"Richardson, TX, USA",https://mir-s3-cdn-cf.behance.net/9a02b310df743afe9dff0d9fb115260e/7d44b811-f9c2-4e03-99fd-01863a7dda31_acc_180x180.jpg?h=f9db8d8f441f36570289d1ab68ee2d0a
Lzgh ADS,Graphic Design,Graphic Designer /Kuwait,a month ago,"Mubarak al-Kabeer, Kuwait",https://mir-s3-cdn-cf.behance.net/3fbb9072148ffa6d1437754ca37ebd15/e9210157-48bc-436f-b86d-fc9390520736_acc_180x180.png?h=d454c922aca3a4db6f46cb75dccfff46
Fish i Visuals,project architect,Architect - Interior Designer,a month ago,Egypt,https://mir-s3-cdn-cf.behance.net/35726d45ed5a7a72d2503e49c57cbea7/e1e08bb6-1d5b-4e31-9eb7-412f5f1c0dad_acc_180x180.png?h=e5f584be8c8962fcc5884c86e4422189
Vitta | Visual Law,Designer Gr√°fico Pl.,Designer Gr√°fico para Documentos e outros materiais corporativos,a month ago,Brazil,https://mir-s3-cdn-cf.behance.net/5f7bbb328cc35a84d8417a012ad4a338/4646cdc5-4907-4a14-943b-cecc6093cd96_acc_180x180.png?h=19adb25ee0208551199f938e9b231501
Chitrika,Textile Design Intern,Textile Design Intern for Handloom Weaving,a month ago,"Hyderabad, India",https://mir-s3-cdn-cf.behance.net/4636ab1b9a3cbac02418b9a635530703/7f76326c-9bb5-4de4-b319-877d36f8a3e3_acc_180x180.jpg?h=d14105272e66e8e75c6b2ba1f2cda187
Prime Scale Creative,Senior Graphic Designer,Seeking senior-level graphic designer to lead branding and design projects.,a month ago,Anywhere,https://mir-s3-cdn-cf.behance.net/5ea65117beadefe3f954d2833f3bcaf2/b854fbe2-6537-46c1-9e10-0a32c922b86d_acc_180x180.png?h=deea955abe1dc2b4b2ab1417bed17a20
Creative Brains,Copywriter,We're looking for a seasoned Copywriter,a month ago,"Cairo, Egypt",https://mir-s3-cdn-cf.behance.net/64a2372358e647e6c53f120a524acd2b/dd167fe3-55a5-4100-800c-28c129ea2f1c_acc_180x180.png?h=80ddbf9e30d59201c9175c5498fb7760
Mood Group International Events & Exhibitions Management,Senior Graphic Designer,talented Senior Graphic Designer to join our creative team,a month ago,Anywhere,https://mir-s3-cdn-cf.behance.net/7d6652aa595f3ea4b0c1ba1a04eac88d/baafbeff-8a3d-46c7-bfc4-07aa91daa480_acc_180x180.png?h=861efb34c1296c1fcf24bc0011771cac
Meta Dimension Concepts,Technical Office Architect / Architect,We are looking for 1 Architect/Technical Architect expert in shop drawings.,an hour ago,"Heliopolis, Egypt",https://mir-s3-cdn-cf.behance.net/74aa0aec83d1d795bc4b29b63abdeaf0/b56561d2-f3a9-451a-8080-2bb53bbf23e3_acc_180x180.jpg?h=3e255fe8958d5400a97e80206a342ec9
Vish Gyana Technology Solutions Pvt Ltd,Creative UI/UX Designer,Need a creative UI/UX designer who is very creative with color sense,18 hours ago,"Chennai, India",https://mir-s3-cdn-cf.behance.net/98a7d1f45becb02f361acaaded30df90/b9b758fd-ffa0-41a4-af2d-1bc7fbe047e4_acc_180x180.png?h=599323bc3e1c4e06ecf333be297c7f7f
Kior Media,Motion Designer/Video Editor,We're looking for Motion Designer/Video Editor Remotely,a day ago,Anywhere,https://mir-s3-cdn-cf.behance.net/043d353afbef35e645ad38b7855fda7e/1ed99c47-1a08-4d17-bd63-0642cfb2a8d4_acc_180x180.png?h=f0de2e338ba4c1f11ea491b2531e285b
Sphere Rocket,Web Developer Zapier,We are looking for Web Developer Zapier,2 days ago,Anywhere,https://mir-s3-cdn-cf.behance.net/214811332151b9723f454d3741b6151e/03a321b1-b4a3-4fc0-8f5d-8450a257fab8_acc_180x180.png?h=8cfa72aa6e02bd80b9d62339424116ea
AdStart Media,Graphic Web Designer,We are searching for a talented Graphic Web Designer,2 days ago,"Ho Chi Minh City, Vietnam",https://mir-s3-cdn-cf.behance.net/c88140cfa196bc87f6f062b36499799c/b3ca43e4-0988-424d-855e-70b6b49c956e_acc_180x180.PNG?h=91439eddd4740304864954e4027bf8fd
Middle East Facility Managment Association,Graphic Designer,We are looking for a creative Graphic Designer with 3-4 years of experience in Design,2 days ago,"Dubai, United Arab Emirates",https://mir-s3-cdn-cf.behance.net/f7779e98b3a8b1a139296655b4923c0c/15dd191d-5d28-44f6-8137-5f11905f1e1c_acc_180x180.png?h=de749cb2fb92c02c18d8c558ca073208
Ad Your Dream Private Limited,Graphic Designer,We are looking for a talented Graphic Designer with 3-4 years of experience,2 days ago,"Hyderabad, India",https://mir-s3-cdn-cf.behance.net/b5173365fa99fe8b40d160799376d418/01acddf0-bfa7-4343-8644-0974628c2723_acc_180x180.png?h=4eb8a983a735571eef270c746c59a988
7EDGE Pvt Ltd,"Manager I, User Experience Design",We are seeking a UX Manager with substantial experience in UX design.,2 days ago,"Mangalore, India",https://mir-s3-cdn-cf.behance.net/cc4ed6f7d7146f96fe5998d759744215/33403c57-69ef-4e0d-9f1b-495899b7a273_acc_180x180.jpg?h=0eafd314747699b49b245b8331a8dd5e
Beep experience management pvt ltd,Senior Visualizer/Art Director,Senior Visualizer/Art Director ‚Äì Event Management Agency,2 days ago,"Bangalore, India",https://mir-s3-cdn-cf.behance.net/b490120c24bdd9f29e3ddf62d9d1d60b/6247f232-484b-425d-9bd9-f8cd079a9911_acc_180x180.jpg?h=48956c941a0324931a234391842d0b0f
EduFund,Videographer/Cinematographer,Looking for an experienced Videographer/Cinematographer to join our creative team.,2 days ago,"Pune, India",https://mir-s3-cdn-cf.behance.net/f3cdda7bae74b45e5dd6f437f472daee/c282fef5-e125-49c4-81c9-a9d5f30b4a7d_acc_180x180.png?h=3cd018a37858de475dd5ae5f810a127e
EduFund,Sr. Graphic Designer,Looking for a Senior Graphic Designer who is creative and will understand the vision,2 days ago,"Pune, India",https://mir-s3-cdn-cf.behance.net/2d7066bbb1f129552f98878a68d5c7fa/45fa8a0f-ea7a-4013-a591-2e9888b96820_acc_180x180.png?h=e2a76c2b4cfb36bf5a5cf112e62fda19
Murano Joias,Designer gr√°fico,Designer gr√°fico,2 days ago,"Itapema, Brazil",https://mir-s3-cdn-cf.behance.net/a5be96536d03716e03b4dfc6df250bd5/0b765a44-f634-4383-ad85-2b84eedecfac_acc_180x180.png?h=db0a596653738b8cb3d74a06264b0822
Sphere Rocket VA,Digital Marketing Manager,We are looking for Digital Marketing Manager,2 days ago,Anywhere,https://mir-s3-cdn-cf.behance.net/7dda0171f0ad2bf7ad0bc865cb38d8cb/98f28901-0d31-437f-9c85-972ec84e45b2_acc_180x180.png?h=b30e0a7eba193ce8ddc5eaa2d1e67130
RS Consultant,Senior UI/UX Designer,We Are looking for Senior UI/UX Designer for Fintech Start-up,2 days ago,"Pune, India",https://mir-s3-cdn-cf.behance.net/a025621663ce4b825714c207cd07b5a3/cfcae33c-a0a0-456a-b974-a6fea690b7a9_acc_180x180.jpg?h=d9dc127a1a8a2d61e59ced10a49f3946
Hesco,Interior Designer/Interior Architect,Join our team as a Talented & Highly Creative Interior Designer/Interior Architect!,3 days ago,"Cairo, Egypt",https://mir-s3-cdn-cf.behance.net/d3965e003c0e8398342fac543b3a48a4/84e734da-6db8-46f8-bf5f-05ef292b0702_acc_180x180.png?h=6c0848a247b98bfbb851b2fe3ca9c473
Hesco,Interior Designer CGI/Visualiser,Join Our Team as a Talented and Highly Creative Interior CGI Designer!,3 days ago,"Cairo, Egypt",https://mir-s3-cdn-cf.behance.net/0460e24b274a53936acb48871347909d/ec29a141-a037-4d89-a960-07432d823568_acc_180x180.png?h=d0b8c4400ebc880eff4f9f8a8eb6bbbe
Hesco,Interior Designer CGI/Visualiser,Join Our Team as a Talented and Highly Creative Interior CGI Designer!,3 days ago,Saudi Arabia,https://mir-s3-cdn-cf.behance.net/aca50d303d5815f53bc6bed8a288c59a/b747d80e-68c8-47a6-9e3b-d56e5f22dbe4_acc_180x180.png?h=20fa35bae573e2a154ff0b7a712b2dd3
CRS,"Interior Designer -Nice, France","Interior Designer Location: Nice, France Job Type: Full-time",3 days ago,France,https://mir-s3-cdn-cf.behance.net/fcc3c12a7616143138968f302e16520f/0a1a169f-db5c-42c2-9668-467ac4d329fc_acc_180x180.jpg?h=780d6cd4e58d10675323d15d9bb544cc
Sphere Rocket VA,Copywriter,We are looking for Copywriters!,3 days ago,Anywhere,https://mir-s3-cdn-cf.behance.net/a9e48a7bc0f4850746bb99324dba3a52/08700d2a-cb63-41e7-b824-5c2db0f80c7a_acc_180x180.png?h=f882a749326673b15a2a0954a0552aa9
Hesco,Interior Designer/Interior Architect,Join our team as a Talented & Highly Creative Interior Designer/Interior Architect!,3 days ago,Saudi Arabia,https://mir-s3-cdn-cf.behance.net/42dbf1f4cb80ad7d08686f49c01da107/7632ed64-81df-4d40-9864-57504b66cb6d_acc_180x180.png?h=dc4cc5b28615411b47dfb87d4a488922
Hesco,Senior Interior Designer,We are looking for an exceptionally experienced Senior Interior Designer,3 days ago,"Warsaw, Poland",https://mir-s3-cdn-cf.behance.net/1276999fa6f04de7f018b2873252017f/b164c1ee-1883-4143-8162-f91f50727ad6_acc_180x180.png?h=286c615035aec3ce41b19fd3a8a15534
Hesco,Mid Interior Designer,Join Our Team as a Talented and Highly Creative Mid-Level Interior Designer/Architect!,3 days ago,"Warsaw, Poland",https://mir-s3-cdn-cf.behance.net/c980dcfa67a7253b54b80424e919235d/58aa28e7-19c3-4141-9799-2ebfc71d2fb8_acc_180x180.png?h=7a8ef778910a16fbf14eec0c455cbb5b
Hesco,Interior Architect / Interior Designer,Join our team as a Talented & Highly Creative Interior Designer/Interior Architect!,3 days ago,"Warsaw, Poland",https://mir-s3-cdn-cf.behance.net/7446fe37e6ba6f0fafb30e43d397a48a/7e9e6cec-bc4d-4920-b50d-daa44fd189a8_acc_180x180.png?h=8fef59dfee86bdec15a14bfb7f5dc4f0
Hesco,Interior Designer CGI/Visualiser,Join Our Team as a Talented and Highly Creative Interior CGI Designer!,3 days ago,Poland,https://mir-s3-cdn-cf.behance.net/e823f4476ff3542b662529d12ae3cb18/ca1a8da3-8c54-431e-a7e9-47bcb4ff85da_acc_180x180.png?h=b3960966a9ff301d8b21018313efdd61
Alite Projects,AI-empowered Artist/Animator,"We‚Äôre looking for a passionate, forward-thinking artist for a creative experiment",3 days ago,Anywhere,https://mir-s3-cdn-cf.behance.net/62fdee5c67b0273775530699f436df6a/057d8020-acdd-4348-841c-63654713215b_acc_180x180.jpg?h=49324436301e8e4fcef6805ef8b81e3a
Swat.io,Digital Media Designer,Digital Media Designer in Marketing with fluent German language skills,3 days ago,Anywhere,https://mir-s3-cdn-cf.behance.net/56813109821b60a4c89ad419430851c0/7723b4ed-2a48-44e2-ab0f-29ec18759a9d_acc_180x180.png?h=6fcc9772cd578e04a387eec2e67e9b2b
ARTERIUM,Graphic Designer/Ilustrator,"We are looking for a graphic designer proficient in Adobe Illustrator,",3 days ago,Anywhere,https://mir-s3-cdn-cf.behance.net/542310bedd5ff4acb1b706ac15e7acb3/68188856-a5eb-45c1-a1dc-5ed9baae8026_acc_180x180.png?h=239817211588dfb4a740af035cc14782
Sphere Rocket VA,Website Developer,We are hiring Website Developers!,3 days ago,Anywhere,https://mir-s3-cdn-cf.behance.net/545df6f2d4a91f075eb4ba97dd8212cb/7e06638d-125f-43b1-abbb-5ccdb8e4fd8a_acc_180x180.png?h=0a718e06ab8b1a5b1781f7faf89a6010
Sphere Rocket VA,Video Editor,We are hiring Video Editors!,3 days ago,Anywhere,https://mir-s3-cdn-cf.behance.net/0bb6cb2a55b8503719d780c078f2b74a/6b199fbb-683d-40aa-9a8e-77923c8d11e7_acc_180x180.png?h=a8944f71481681f36385738440de0549
Sphere Rocket VA,Social Media Managers,We are looking for Social Media Managers!,3 days ago,Anywhere,https://mir-s3-cdn-cf.behance.net/2ec2878972deab9e133408f9784b08b6/ff5fdc75-c515-4122-972e-369668a9f895_acc_180x180.png?h=d20a302f92950c635b399e823f7f19ab
Sphere Rocket VA,Digital Marketers,We are hiring Digital Marketers!,3 days ago,Anywhere,https://mir-s3-cdn-cf.behance.net/aa14c447a5b3bd25f728988c0305e751/aaf3416d-3490-4a5d-a28b-f24133fe2b6d_acc_180x180.png?h=76358be846814cfbf2b1e955ddcb8257
Feast Creative,Key Art and Poster Designer,"An expert in retouching, finishing, and visualising designs.",3 days ago,"London, United Kingdom",https://mir-s3-cdn-cf.behance.net/7631e532e60feefc487648c739a8eaea/2996b4de-1a4e-4037-8f71-dadc4ebc95a2_acc_180x180.jpg?h=5ed9ff274aaf85dc35841abbf668fbfe
–û–û–û –¢–î –ê—Ä–∫—Ç–∏–∫–∞,–ö–æ–º–º—É–Ω–∏–∫–∞—Ü–∏–æ–Ω–Ω—ã–π –¥–∏–∑–∞–π–Ω–µ—Ä,"–ú—ã –∏—â–µ–º –ö–æ–º–º—É–Ω–∏–∫–∞—Ü–∏–æ–Ω–Ω–æ–≥–æ –¥–∏–∑–∞–π–Ω–µ—Ä–∞, –∫–æ—Ç–æ—Ä–æ–º—É –≤–∞–∂–µ–Ω –ø—Ä–æ–¥—É–∫—Ç, —Å –∫–æ—Ç–æ—Ä—ã–º –æ–Ω —Ä–∞–±–æ—Ç–∞–µ—Ç",3 days ago,Russian Federation,https://mir-s3-cdn-cf.behance.net/f5556cc1323b7f046a1049e7154e23e8/b0b58831-197f-49d0-8b12-1d7b21cce3fc_acc_180x180.jpg?h=5f975715e2e7ccbe72e31ceb8dca5f4e
Arts DAO,UI/UX and Graphic Designer for Lifestyle & Community Brand,UI/UX & Graphic Designer for Web3 brand | Growth-focused role | Remote & Dubai opportunity,3 days ago,Anywhere,https://mir-s3-cdn-cf.behance.net/f333ac660c7b3b36f380391eca2d792e/0e29482b-13ba-45d1-aff4-ef7e89e932f0_acc_180x180.png?h=c591ca4bbf554856e3b4c36aa960c068
Future University in Egypt,Graphic Designer,We are looking for a talented & creative graphic designer,3 days ago,"Cairo, Egypt",https://mir-s3-cdn-cf.behance.net/90818ee0dca1bdc074919fff1db09943/7ab900a1-78fb-41cf-86a2-c56b9c0f92e8_acc_180x180.png?h=95c446555636e76a82093a901ee4a9c3
Teecom JSC,2D Artist Leader,"We are looking for ""2D Artist Leader"".",3 days ago,"Ho Chi Minh City, Vietnam",https://mir-s3-cdn-cf.behance.net/b7e89f6aa642465ac46dd2d53168cf5e/50c2f11b-4946-48e3-b12c-88422d582a74_acc_180x180.jpg?h=34e5d04db7ff6c3f310a6f451d01d71b
NIKIFILINI,–ì—Ä–∞—Ñ–∏—á–µ—Å–∫–∏–π –¥–∏–∑–∞–π–Ω–µ—Ä,–ú—ã –∏—â–µ–º –≥—Ä–∞—Ñ–∏—á–µ—Å–∫–æ–≥–æ –¥–∏–∑–∞–π–Ω–µ—Ä–∞ –¥–ª—è —Ä–∞–±–æ—Ç—ã –≤ –æ—Ñ–∏—Å–µ –≤–º–µ—Å—Ç–µ —Å –¥–∏–∑–∞–π–Ω - –∫–æ–º–∞–Ω–¥–æ–π NIKIFILINI,3 days ago,"–ú–æ—Å–∫–≤–∞, Russian Federation",https://mir-s3-cdn-cf.behance.net/813282fd05745987e8805e5c758d55c6/9a50da72-6f35-426c-8542-64b049b06a50_acc_180x180.png?h=f1945527db3d4439af1ba04d61c288b4
Blue Belt Technology,UI/UX Designer,We are looking for UI/UX Designer to join our Blockchain project,3 days ago,"Hanoi, Vietnam",https://mir-s3-cdn-cf.behance.net/6ab3525f476396e96b541019499d1530/fedc41a9-12b8-44d8-8ea1-7a363f8e2fdd_acc_180x180.png?h=bd3347bbe3ab47e1a4d12eec26eafc74
DTE VENTURES,UI/UX DESIGNER,"Ch√∫ng t√¥i t√¨m ki·∫øm 1 UI/UX Designer th√†nh th·∫°o Figma, Sketch, AI,‚Ä¶.",3 days ago,"Ho Chi Minh City, Vietnam",https://mir-s3-cdn-cf.behance.net/0d73cb6ee60dcb72f1a01946e4d37886/bbc31501-e627-4f22-a7d7-6d211bd814d3_acc_180x180.jpg?h=2371fc5e14c757134ca79b31ae2b6b0e
Vivid Marketing Solutions,Exhibition Designer,We are hiring a 3D Exhibit/Event/Booth Designer to bring brand concepts to life.,3 days ago,"Cairo, Egypt",https://mir-s3-cdn-cf.behance.net/fbcef6e28bf79359af855e98a2c17454/b08f825a-ee6c-4736-9bc1-de74b662a32d_acc_180x180.png?h=fb785f5552a1726464ca5db57915b0cc
–†—É–Ω–∏—Ç–∏,–ê—Ä—Ç-–¥–∏—Ä–µ–∫—Ç–æ—Ä / Head of Design,–º—ã –≤ –ø–æ–∏—Å–∫–∞—Ö –ê—Ä—Ç-–¥–∏—Ä–µ–∫—Ç–æ—Ä–∞ (—É–¥–∞–ª–µ–Ω–Ω–æ –∏–ª–∏ –≥–∏–±—Ä–∏–¥),4 days ago,Anywhere,https://mir-s3-cdn-cf.behance.net/7b5024bea41173260e87b0cff0baf132/65f75099-054c-44ab-8eb2-d24dcb01e76f_acc_180x180.png?h=39719a9de5b7b3b935a974462611fa38
Merak,Senior Graphic Designer,we are looking for Passionate Graphic Designers,4 days ago,"City of New Cairo, Egypt",https://mir-s3-cdn-cf.behance.net/66f9e6f45ba3a9e4509d67f84860ab18/b49b18c7-9d8b-4178-9dde-67b511c6e632_acc_180x180.jpg?h=cd0232804593796e77846044f9d62850
Starc ads,Graphic designer,"""Join Starc Ads: Creative Graphic Designer Wanted! Apply Today!""",4 days ago,"Kochi, India",https://mir-s3-cdn-cf.behance.net/d260638b0708b46b0676c783932b9633/3a2679d0-1ab6-4ef5-8497-c65ffb162e1a_acc_180x180.png?h=73c98d993866aafcba61968863a8008d
KOLSA,UI/UX –¥–∏–∑–∞–π–Ω–µ—Ä Middle/+,"UI/UX –¥–∏–∑–∞–π–Ω–µ—Ä, –∫–æ—Ç–æ—Ä—ã–π –±—É–¥–µ—Ç —Å–æ–∑–¥–∞–≤–∞—Ç—å –∏–Ω—Ç—É–∏—Ç–∏–≤–Ω–æ –ø–æ–Ω—è—Ç–Ω—ã–µ –∏–Ω—Ç–µ—Ä—Ñ–µ–π—Å—ã",4 days ago,Anywhere,https://mir-s3-cdn-cf.behance.net/48fd75db3b3cd16486dc9eb76dd2c15e/3e0753ab-c8b7-4182-a815-16889ef7c5fd_acc_180x180.png?h=b87eca663bce25d237f5e6fac29c76e7
Acid Marketing,Graphic Designer (Social Media & Branding),"Creative Graphic Designer needed for social media, branding, and digital content design.",4 days ago,India,https://mir-s3-cdn-cf.behance.net/bb6ea4500371b4c55f7f48d48859cdf9/f7717941-720f-4717-accc-b5250e0c6214_acc_180x180.jpeg?h=47796908d0241ce02689ee39912fe42f
T&A Ogilvy,SENIOR ART DIRECTOR,{T&A OGILVY} SENIOR ART DIRECTOR (HCMC BASED),4 days ago,"Ho Chi Minh City, Vietnam",https://mir-s3-cdn-cf.behance.net/d220e24b31bb2475148a52e023210892/51414aa2-2310-4479-a4c5-f5fe9cf515b4_acc_180x180.jpg?h=d5ac18adf83db56d88ee9e6b5ef3ff05
Youniverse Games Sdn Bhd,UI/UX Designer,We are looking for a visionary UI/UX Designer to join our creative team,4 days ago,"Kuala Lumpur, Malaysia",https://mir-s3-cdn-cf.behance.net/4c3c91d8a0ebb8998d596d1f554d49a1/aa42afe1-e9df-4a35-9c14-fbe6d3697acc_acc_180x180.png?h=5987e8cc0ee8330fb639939c6cbd73a5
Spans Agency,Middle+/Senior UX/UI designer,"–ú—ã –∏—â–µ–º UX/UI –¥–∏–∑–∞–π–Ω–µ—Ä–∞, –∫–æ—Ç–æ—Ä—ã–π —É–º–µ–µ—Ç –≤–µ—Å—Ç–∏ –¥–∏–∑–∞–π–Ω-–ø—Ä–æ–µ–∫—Ç—ã –æ—Ç –Ω–∞—á–∞–ª–∞ –∏ –¥–æ –∫–æ–Ω—Ü–∞",4 days ago,Anywhere,https://mir-s3-cdn-cf.behance.net/27aae1efe3cc5c8d48e32599a7518987/be5e5c13-134c-422d-bc1b-fcb0f030ea50_acc_180x180.png?h=c349a21218aefbebe5b2d36328d0fd45
Headway,Visual Designer,–®—É–∫–∞—î–º–æ —Ç–∞–ª–∞–Ω–æ–≤–∏—Ç–æ–≥–æ Visual Designer –≤ Nibble,4 days ago,Anywhere,https://mir-s3-cdn-cf.behance.net/6bda9414faccfd7fbab8f195eac50021/1aa568eb-9270-4359-a83c-4155b29f3843_acc_180x180.jpg?h=73d514ee1438f6c55f485c7889c7dc5e
Torrero,Graphic Designer - Remote,We are looking for a highly creative graphic designer,4 days ago,Anywhere,https://mir-s3-cdn-cf.behance.net/14a9c4324121c0710e098e1225677932/54e16e8a-6a91-4193-a287-bd3aaca18213_acc_180x180.png?h=9b8df112b4d595f40e3f90b4776bd7b2
365 Outsourcing,Video Editor & Animator,We are looking for a skilled Video Editor and Animator,4 days ago,"Lahore, Pakistan",https://mir-s3-cdn-cf.behance.net/2cad503a8457bd9e54fa2f0f911c9718/3dadb625-9cdf-4673-b3a6-78493413137e_acc_180x180.jpg?h=3a58651c458ed9ef5e34fec993e7786a
SAMIT Event Group,Graphic Designer,"We are seeking skilled Designer to create motion videos, 3D posters, CGI videos",4 days ago,United Arab Emirates,https://mir-s3-cdn-cf.behance.net/1c2cd1a8935a29a91596f2eb37208404/4df24f28-47fd-4262-983e-357046f3380c_acc_180x180.jpg?h=a37acce77f6fffd29ec55b64a30563d8
playSTUDIOS Vietnam,Brand Designer (6 months full-time contract),We are looking for a Brand Designer (6 months full-time contract),4 days ago,"Hanoi, Vietnam",https://mir-s3-cdn-cf.behance.net/52c4e8834c0f8cbcc0710553a1d151c5/c50f8cbc-c80e-43d9-9952-adaa0ad76fe0_acc_180x180.png?h=f8dbf60983b55d6dcf9488613169086b
Sixth Society,Full-Time Webflow Webmaster,Looking for webmaster proficient in Webflow,4 days ago,Anywhere,https://mir-s3-cdn-cf.behance.net/13a93b7ddeb0cf1a9973a6fba3179f4b/9d6f6b0d-a4c2-430f-b04a-29c2280cccf8_acc_180x180.png?h=2019921e2cdbea56d78721635899cf14
Marketer Granted,Creative Graphic Artist,"PP Presentations, Workbooks and Web Pages",4 days ago,USA,https://mir-s3-cdn-cf.behance.net/266b7b03fc92eb209ceffee6cf85f300/21a4d193-11f9-4106-9366-6244fd64561b_acc_180x180.png?h=e69b64cf7d34f6fc47d2f9ef79e397b7
BNF Digital,Graphic Designer,We are looking for a creative head who has good hands on experience with adobe suite.,5 days ago,"Hyderabad, India",https://mir-s3-cdn-cf.behance.net/27fc98b35af567935cf443a867bd14fc/1994dcbc-8305-4be2-8d68-8af382ca9183_acc_180x180.jpeg?h=91a643d028a1759ee550ff1f31d6db50
UMI,Exhibition and Interior Design Team Leader,Exhibition & Architecture Team Leader,5 days ago,"Alexandria, Egypt",https://mir-s3-cdn-cf.behance.net/7a785491a400fc92ca69791b5d79b647/44553e3d-5db2-416f-b1dd-752060a9f0c1_acc_180x180.jpg?h=56f1bcbd850285c6c446f85c4d82babe
"–û–û–û ""–°–ø–µ–∫—Ç—Ä—É–º –¢–ë–ö""",–ê—Ä—Ç-–¥–∏—Ä–µ–∫—Ç–æ—Ä (–†—É–∫–æ–≤–æ–¥–∏—Ç–µ–ª—å –æ—Ç–¥–µ–ª–∞ –¥–∏–∑–∞–π–Ω–∞),–ñ–¥–µ–º –≤ –∫–æ–º–∞–Ω–¥—É –ê–†–¢-–¥–∏—Ä–µ–∫—Ç–æ—Ä–∞ –¥–ª—è –∫—Ä–µ–∞—Ç–∏–≤–Ω–æ–≥–æ —Ä—É–∫–æ–≤–æ–¥—Å—Ç–≤–∞ –æ—Ç–¥–µ–ª–æ–º –¥–∏–∑–∞–π–Ω–∞,5 days ago,Russian Federation,https://mir-s3-cdn-cf.behance.net/2b0bcd925b124bfa55e3008c9869c4dd/ec372d5e-3039-412b-9300-5407a2ee5f7a_acc_180x180.png?h=47165cde2ff44cdce16721bbf242f7bc
"–û–û–û ""–°–ø–µ–∫—Ç—Ä—É–º –¢–ë–ö""",–£–Ω–∏–≤–µ—Ä—Å–∞–ª—å–Ω—ã–π –¥–∏–∑–∞–π–Ω–µ—Ä (—É—Ä–æ–≤–µ–Ω—å - middle),–í —Å–≤—è–∑–∏ —Å –∞–∫—Ç–∏–≤–Ω—ã–º —Ä–∞–∑–≤–∏—Ç–∏–µ–º –º—ã –ø—Ä–∏–≥–ª–∞—à–∞–µ–º –≤ –∫–æ–º–∞–Ω–¥—É –≥—Ä–∞—Ñ–∏—á–µ—Å–∫–æ–≥–æ –¥–∏–∑–∞–π–Ω–µ—Ä–∞!,5 days ago,Russian Federation,https://mir-s3-cdn-cf.behance.net/a027db29ad1b414401153809431cd855/9ebb6884-e995-4a7d-a3c9-b7e0f4e39b92_acc_180x180.png?h=84c1087004e5d13c979e06365ea5e7f3
Fingerprints Future,UI/UX designer,We are looking for a an experienced UIUX designer,5 days ago,"Chennai, India",https://mir-s3-cdn-cf.behance.net/351934de1bd814ca4c21d49292ac40db/133529d7-c2f6-49bb-8382-fbda293543e3_acc_180x180.png?h=e0e56df3c5a0b2846ffdba6ed4c3ba40
CoinTracker,Senior Product Designer,Play a crucial role in shaping the user experience of our crypto products.,5 days ago,Anywhere,https://mir-s3-cdn-cf.behance.net/0572584bc216d754edc089eacc57e389/cf017464-5df7-47a1-9b21-2c1326dbd713_acc_180x180.jpg?h=df39e52354e8908db293269386146547
"AQUA ELECTRICAL APPLIANCES VIETNAM CO., LTD",Video Editor,In Charge of Video Editor & Graphic Designer,5 days ago,"Ho Chi Minh City, Vietnam",https://mir-s3-cdn-cf.behance.net/7d10a2923a3fce3d8dcb7560addd910c/3715d550-ffb3-4805-96b8-19716d217d28_acc_180x180.png?h=08cebfdf723391942bc9cba50c89817a
Onecare Wellness,Creative Designer - Based in Mid Valley Office (Work-life balance + 3D Training Provided),We are looking for Creative Designer full time position based in Mid Valley Office,5 days ago,"Kuala Lumpur, Malaysia",https://mir-s3-cdn-cf.behance.net/abcb54983f8f487accc244be382c1acd/7f12e2a2-9299-4d30-92b6-32d8c03e65bc_acc_180x180.jpg?h=f61236c5b936792210b34c7a31efcd72
Avocado,"Creative Web Designer, UX/UI",We are looking for a talented Web Designer to create amazing and fresh user experiences.,5 days ago,Ukraine,https://mir-s3-cdn-cf.behance.net/6ab6c4ef0714c4363a696087ce1a9d7f/d03e9995-c4f4-4658-b224-9a97854869bd_acc_180x180.png?h=711398e8c532cdcacedb777087e2b6ae
SlideGenius APAC Inc.,Senior Graphic Designer,We are looking for a graphic designer that's excellent at Figma!,5 days ago,Philippines,https://mir-s3-cdn-cf.behance.net/2a219a35d260325f1dcbf88e32f31fc8/cf3d30be-8001-404f-b421-4e791ca04760_acc_180x180.jpeg?h=a2d5604359962fe6b3788e59b4d8bb30
Transec BPO,Junior Web Graphic Designer ‚Ä¢ Hybrid Setup,"Play a key role in designing, creating, modernizing, and maintaining websites.",5 days ago,"Pasig, Philippines",https://mir-s3-cdn-cf.behance.net/831d79d4fb3215fae417a4131c353b29/4df212e8-a602-4f23-b661-d2255640956e_acc_180x180.png?h=c8e1dbcc1ec75ee9e925633c6ce1b940
Onlyplay,2D Artist,–ú–∏ —à—É–∫–∞—î–º–æ —Ç–∞–ª–∞–Ω–æ–≤–∏—Ç–æ–≥–æ 2D Artist,5 days ago,Anywhere,https://mir-s3-cdn-cf.behance.net/0d7926a4c08efdd00456456a6835eb85/e3e4c9b8-6247-401a-93c3-777ff8eeaa2e_acc_180x180.png?h=6a1bc5748c19b9462038c4891ca5d8ff
C√îNG TY TNHH M·ª∏ PH·∫®M JOYLOVE VI·ªÜT NAM,Video Editor,Video Editor v·ªÅ lƒ©nh v·ª±c m·ªπ ph·∫©m,5 days ago,"Ho Chi Minh City, Vietnam",https://mir-s3-cdn-cf.behance.net/6b1dea382e1ab7fe41f415ed047041e4/e27376c4-a0a1-4541-926b-7d4a5c7d1451_acc_180x180.png?h=b18a701d3a61e457e33d99ac53d1e648
C√îNG TY C·ªî PH·∫¶N TEECOM,Art Lead/ Illustrator Lead (Book Field),Teecom ƒëang t√¨m ki·∫øm m·ªôt Art Lead m·∫°nh v·ªÅ v·∫Ω minh ho·∫° cho m·∫£ng S√°ch,5 days ago,"Ho Chi Minh City, Vietnam",https://mir-s3-cdn-cf.behance.net/eaf140d21973e72dcbe9af7566388e99/b584334f-3a68-4d82-96cb-bc870cef1f7d_acc_180x180.png?h=a962c2feffe819f22ea8da63b43b3e61
O3 Interfaces,Senior UI/UX Designer,"We're looking for a Senior UI/UX Designer to design intuitive, user-focused experiences.",6 days ago,Pakistan,https://mir-s3-cdn-cf.behance.net/b3b6ba062327d7f6b8b5618fbebd85e0/88756616-58bd-44d5-b6ab-18d9480b16bf_acc_180x180.png?h=dd138f4898eac688fa2b75f0f16e2e39
UB Digital Solutions Pvt Ltd,3D Motion Graphic Designer,We‚Äôre Hiring: 3D Motion Graphic Designer,6 days ago,"Hyderabad, India",https://mir-s3-cdn-cf.behance.net/6d90fc476d191569cbf16fa06879f138/bdac73ed-5c18-44bc-88dc-6a469e290d32_acc_180x180.png?h=5b011564734e8f462202bcaef96a03f1
C√îNG TY C·ªî PH·∫¶N TEECOM,Artist/ Illustrator Leader (Tr∆∞·ªüng nh√≥m V·∫Ω minh ho·∫° S√°ch),Illustrator ‚Äì C√πng Teecom ƒê·ªãnh H√¨nh Xu H∆∞·ªõng S√°ng T·∫°o S√°ch √Çu M·ªπ,6 days ago,"Ho Chi Minh City, Vietnam",https://mir-s3-cdn-cf.behance.net/5fa25975994dae1bc809391ba133dd8b/935c0719-2a9d-4cf4-8119-af9d6645fe72_acc_180x180.png?h=c38572a2fa4e80d610e90ad3a81d7750
Acushnet Europe Ltd,Graphic Design and Content Manager - UK,Fantastic and creative opportunity to join the FootJoy marketing team,6 days ago,United Kingdom,https://mir-s3-cdn-cf.behance.net/01ac8668850186e3e08cfdf636ca4fa3/44eabe83-b5e2-45ca-b629-1452eeffd557_acc_180x180.png?h=dd8b12e1edcda54c2fdf7258868fb55c
Fourthwall,Product Designer (UX/UI),We‚Äôre looking for an exceptional product designer to join our team.,6 days ago,Anywhere,https://mir-s3-cdn-cf.behance.net/e1e64545285abb0cd8931a488395e1c0/dd145837-6a45-4667-9fdd-acde00f442c2_acc_180x180.jpg?h=a5680d7240f4df82783c74a2b63c1fe0
PROEKCIA üá∫üá¶,UX/UI-Designer –≤ —Å—Ç—É–¥—ñ—é digital-–º–∞—Ä–∫–µ—Ç–∏–Ω–≥—É,–®—É–∫–∞—î–º–æ UI/UX-–¥–∏–∑–∞–π–Ω–µ—Ä–∞ –¥–ª—è —Ä–æ–±–æ—Ç–∏ –≤ –∫–æ–º–∞–Ω–¥—ñ :),6 days ago,"Kyiv, Ukraine",https://mir-s3-cdn-cf.behance.net/5b093f23faafbec109f3400e9936f157/a568e2c1-7b18-4ad8-83c2-9a7f8b2fc671_acc_180x180.png?h=284641455427dc3b5afa780e41352583
PROEKCIA üá∫üá¶,–ì—Ä–∞—Ñ—ñ—á–Ω–∏–π –î–∏–∑–∞–π–Ω–µ—Ä –≤ —Å—Ç—É–¥—ñ—é digital-–º–∞—Ä–∫–µ—Ç–∏–Ω–≥—É PROEKCIA,–®—É–∫–∞—î–º–æ –≥—Ä–∞—Ñ—ñ—á–Ω–æ–≥–æ –¥–∏–∑–∞–π–Ω–µ—Ä–∞ –¥–ª—è —Ä–æ–±–æ—Ç–∏ –≤ –∫–æ–º–∞–Ω–¥—ñ :),6 days ago,"Kyiv, Ukraine",https://mir-s3-cdn-cf.behance.net/57a0876d003ef1403d18fe4b99cf03f1/dc539644-35b2-4289-bb01-743d4209ea0a_acc_180x180.png?h=468888d010be2f62c6f8285bfbd4e8dc
E-hawkers Marketing LLP,Graphic Designer,"We're looking for a full-time, on-site or remote Graphic Designer.",6 days ago,"Indore, India",https://mir-s3-cdn-cf.behance.net/41ca96856f95228f19b9854177567082/418e22dc-bda7-4542-af3a-9d54ef0739bd_acc_180x180.png?h=f6eb0e894d255f24c304c8acd4830605
SEPAL,Lead Content Creator,We are looking for a talented and passionate creative professional.,7 days ago,"Hyderabad, India",https://mir-s3-cdn-cf.behance.net/67b1a47aa86680056740d348707d7dc8/d0ce0061-6b9a-4056-ac5e-622336c50540_acc_180x180.png?h=07ec22deef6f881b6ffc5d3066f971a2
BAND,Interior Designer,Interior Designer,8 days ago,"Alexandria, Egypt",https://mir-s3-cdn-cf.behance.net/e508b4a837e34656682c4c81708f67ad/a572b8e5-96d5-4fce-b635-a68f319d1003_acc_180x180.jpeg?h=bfa962ba55cbbdf4dfed7bf6201a55e2
Zen Consulting,UI/UX Designer (Freelance),Design high-converting mobile-optimized landing pages and branding for personal businesses,8 days ago,Anywhere,https://mir-s3-cdn-cf.behance.net/7fb3c8d26a7aa61b5010680f77cab559/c21b614e-ee62-46f3-a733-bc22f5f8f58e_acc_180x180.jpeg?h=72da2b31bd4dbae0491e79711df0b83e
Lost Ferry Interactive,Junior Graphic Designer,Join our creative team as a Graphic Designer with Video Editing Skills ‚Äì Apply Now!,8 days ago,Anywhere,https://mir-s3-cdn-cf.behance.net/641b02d12817382595fa226cd8dbdb05/11eb56d7-a345-4baf-a8e0-fb98f7935a12_acc_180x180.png?h=a4e77f6a427a0a72382df4633bb302c4
Mitzu,Asistente de dise√±o de packaging y creaci√≥n de manuales,√önete a nuestro equipo de trabajo en la creaci√≥n de nuestros empaques y manuales.,8 days ago,"Mexico City, Mexico",https://mir-s3-cdn-cf.behance.net/ba24ab3783d8e3de1158f66f574d6d95/727bab51-fa1b-4bf5-808c-33ba5445b6d2_acc_180x180.jpg?h=850512e9c17c6cc20740b539fffcff89
www.dukerenders.com,3D Artist,Looking for 3D Artist,9 days ago,Anywhere,https://mir-s3-cdn-cf.behance.net/d1ca0cc78ef7d497e49af0dee0a9f7bc/ef5d4238-5a6f-47dc-8703-25e47b02efec_acc_180x180.jpg?h=2769325de6e2174159fd8f7d576e2eec
Remotivate,Social Media Strategist,I‚Äôm looking for an experienced social media specialist with at least 3 years of expertise,9 days ago,Anywhere,https://mir-s3-cdn-cf.behance.net/64cae2f5e576337d289ed506cc3480ca/fcc58634-7c2e-49d5-9c59-69500db5b23d_acc_180x180.jpg?h=f9de60223b386914da1a6dd372732554
Califica,Social Media & Content Creator Internship/ Pasant√≠a/Practicante,Buscamos a un/a practicante que cree contenido atractivo para crecer Califica.,9 days ago,"Lima, Peru",https://mir-s3-cdn-cf.behance.net/f71a006024f4c8b868c6f5f046ae44f7/fe9fe0b1-3a9d-4182-89ca-5b2d422da453_acc_180x180.png?h=40d31e58fd8e5f4b736c6d7e24c1c3ba
Grade One Essays,Copy writer,We a looking for an experience copy writer,9 days ago,Anywhere,https://mir-s3-cdn-cf.behance.net/a5b47e6c03220bcad64b708d8b7bc8f1/f6386443-701a-4fba-9372-ac507f538e5e_acc_180x180.png?h=47b35e6410741471716601520daf11b6
Interaction Design Foundation Inc,Course Editor (UI/UX Design),Course Editor (UI/UX Design),9 days ago,Anywhere,https://mir-s3-cdn-cf.behance.net/222d88c9e858330c7db41f7642d846d3/d4b15d6e-a2dd-4427-8e5a-902eccb7137a_acc_180x180.png?h=8cb16018c6f240ba5fe3cb6fda546378
Somplo,Junior Digital Designer,$600 ‚Äî $900 | NOT REMOTE\ONLY AT OFFICE,9 days ago,Ukraine,https://mir-s3-cdn-cf.behance.net/2c3c29a766bd3f4fe9fa10ec89970b9c/f31b7824-9dea-4356-8eee-4abca271b627_acc_180x180.jpg?h=454a23cd0a26e12bf9d621697a9ab346
Hiring Point solutions,UI/UX Designer,looking for a UI/UX Designer to turn our software into easy-to-use for our clients.,9 days ago,"New Delhi, India",https://mir-s3-cdn-cf.behance.net/9f63fcda0478f539cc14ed4e991fbfb0/e819e6f3-fd17-43b8-a382-893c1d2912f4_acc_180x180.png?h=fdf99daea1b706824791855627769656
Great Media,Graphic Designer,Graphic designer cum video editor,9 days ago,"Pune, India",https://mir-s3-cdn-cf.behance.net/990b75ac8625689bc75c8b3a78c3d3ef/583931ba-d30b-4c62-951b-351240af8e86_acc_180x180.jpg?h=a906d447f7647a59fe2ef3284c4baa2a
Patchstack Security,Web Designer,Experienced in designing highly converting scalable websites?,9 days ago,Anywhere,https://mir-s3-cdn-cf.behance.net/dddbfe5c6c9eb72379d726793b26b23d/2873c117-01e6-4c2a-b753-ecf8ad73e96a_acc_180x180.png?h=54ec1b3ffa46a36fa9ddc5ffbd831939
PrashantAdvait Foundation,Shorts Video Production Professional,Join PrashantAdvait Foundation to blend creativity with wisdom and make a difference!,9 days ago,"Greater Noida, India",https://mir-s3-cdn-cf.behance.net/9f11597ea5f95f6386b09a2b6a6719b9/2cba4f80-a820-43bc-93d0-10594b024158_acc_180x180.jpg?h=803697d4b3b1370130cd1be3cd2b269b
Jawai Enterprises,Packaging Designer,"Packaging designer at Jawai Enterprises, creating food & beverage packaging designs.",9 days ago,"Mumbai, India",https://mir-s3-cdn-cf.behance.net/89a239d80b44e17af8272931ef529308/83079adc-4f44-4051-b0bc-bf15d5d4ed93_acc_180x180.jpg?h=338aef42156a6c0336a243760b1b5893
Service Devices,–ì—Ä–∞—Ñ–∏—á–µ—Å–∫–∏–π –¥–∏–∑–∞–π–Ω–µ—Ä,–ò—â–µ–º –ì—Ä–∞—Ñ–∏—á–µ—Å–∫–æ–≥–æ –¥–∏–∑–∞–π–Ω–µ—Ä–∞ –≤ –∫–æ–º–ø–∞–Ω–∏—é –≥. –ú—ã—Ç–∏—â–∏,9 days ago,Russian Federation,https://mir-s3-cdn-cf.behance.net/20795d9453bad6cdd33dc457fed29431/9766c031-4d37-48b0-b7b0-85ed448388a7_acc_180x180.png?h=679a73d28a6d3cadb0917c2d7d663d42
simp gifts,ui/ux designer,Looking for a innovative designer to redesign landing page and platform,9 days ago,Anywhere,https://mir-s3-cdn-cf.behance.net/28e9c4880f2933b1e6db87ab5b6e9686/f2c2cd43-e267-4989-bb93-1fc9d17fb732_acc_180x180.png?h=3cb71f539ccfcdadf65c16a09928fb0a
SHTONDA.DESIGN,"Graphic Designer (Full-Time, Remote) üé®","Remote Graphic Designer for Banners, Brand Identity and Brochures",10 days ago,Anywhere,https://mir-s3-cdn-cf.behance.net/882213c52f2d8f78cafc20d2d0041e0e/83694278-9f55-4be5-80ce-094e9e43ce01_acc_180x180.png?h=325e705846bac2517ffbe5f03d515a72
Megamind Studios,Graphic Designer,Seeking a Graphic Designer to create stunning visuals for social media and brand campaigns,10 days ago,India,https://mir-s3-cdn-cf.behance.net/eca7ea4890daf0a826d443df5e3c3dc1/267d23e3-6d2b-4e2f-961c-30937d5dd3d6_acc_180x180.png?h=2cfc44494a22218dd637d3b572512c11
–°—Ç—É–¥–∏—è –¥–∏–∑–∞–π–Ω–∞ –ï–∫–∞—Ç–µ—Ä–∏–Ω—ã –î–µ–≤—è—à–∏–Ω–æ–π,–ú–ª–∞–¥—à–∏–π –¥–∏–∑–∞–π–Ω–µ—Ä,–ú—ã –∏—â–µ–º –º–ª–∞–¥—à–µ–≥–æ –¥–∏–∑–∞–π–Ω–µ—Ä–∞,10 days ago,"–ú–æ—Å–∫–≤–∞, Russian Federation",https://mir-s3-cdn-cf.behance.net/57449441728def567722a89177b75a86/6e35fcb3-a8fc-4367-b32a-aff38880fbd7_acc_180x180.JPG?h=ba63700e19ff904073e6a6f46f23812f
KONIC GROUP,"POD DESIGNER (Fulltime, On-site)",KONIC TUY·ªÇN D·ª§NG 02 POD DESIGNER Q9 HCM,10 days ago,"Ho Chi Minh City, Vietnam",https://mir-s3-cdn-cf.behance.net/6dbce377207fd74e318c0419b484e0db/88a5c920-3183-48e7-8003-ea26fd7729b3_acc_180x180.jpg?h=939652de3e5c0baa0428b0b654f197f9
Soccer Media Solutions,Animador 2D (Editor de video),"Editor de videos para contenido de TV, medios y publicidad",11 days ago,"Cuajimalpa de Morelos, Mexico",https://mir-s3-cdn-cf.behance.net/b102c0b1677fc89387aa33e1a73eb306/d5913c63-bebb-4c56-b177-63c856ec023b_acc_180x180.jpg?h=7e45e5c4fe49c496aef689063aea02c1
The LEGO Group,Concept Designer - LEGO DESiGN,Transform ideas into prototype models within our Adults franchises,11 days ago,Denmark,https://mir-s3-cdn-cf.behance.net/738ee9e4e56aca1c3fd3702b2204e5fc/09cef272-cad6-4a06-ab37-e16a59ee1bc4_acc_180x180.png?h=3ad7d3cf1d4e219a1d9c53cc2066d48e
36pt/Brandtender,¬øDise√±ador Junior y trabajo 100% remoto solo Colombia?,La mezcla que esperas est√° en 36pt/Brandtender.,11 days ago,Anywhere,https://mir-s3-cdn-cf.behance.net/6a12fd8caf5a4ccb3d54ee9520b1eafe/781b79dc-e33b-4791-bd94-6b39333ce701_acc_180x180.png?h=ba5ce80c1d73447b29b7fd60aca35d41
The LEGO Group,Product Designer - LEGO DESiGN,"Product Designers for complex, display-worthy models within our Adults franchises",11 days ago,Denmark,https://mir-s3-cdn-cf.behance.net/469e7b71148a28c10056dc5e48ea2ce5/eddad2c4-1bfd-485f-af41-a08168ac0d02_acc_180x180.png?h=1f257c7f084803b734d58891f703cdba
Solutions Wave,UI Designer,UI Designer - Expert in Adobe Tools & Figma,11 days ago,"Lahore, Pakistan",https://mir-s3-cdn-cf.behance.net/8ccbc2d6000e19e96fdde0fe15c32421/e0457e3f-1563-4e73-92c5-56f55d3d5e65_acc_180x180.png?h=0eb588826e665d740f69deb36f14fd72
Nuance Studio,Graphic Designer,Looking for a strong portfolio demonstrating creativity and premium branding.,11 days ago,"Bangalore, India",https://mir-s3-cdn-cf.behance.net/5e40eda95f12c7d5b9a7aa5d558b336c/b665f815-87f9-46fe-bbe0-d4a782f15859_acc_180x180.png?h=a98e6336634dbd4256e1495d82d3d7e9
Remotivate,Social Media Strategist,We seek a strategic and experienced Social Media Strategist.,11 days ago,Anywhere,https://mir-s3-cdn-cf.behance.net/abd43dadb96ae2ac81b7d821b69d7616/c4d9b053-a28a-4c6b-b43c-7390b2f1e54c_acc_180x180.jpg?h=f45b221818e146a68efeeda36d6bb665
Marvin Visual,3D exterior artist,–®—É–∫–∞—î–º–æ –∫—Ä–µ–∞—Ç–∏–≤–Ω–æ–≥–æ —Ç–∞ —Ç–∞–ª–∞–Ω–æ–≤–∏—Ç–æ–≥–æ 3D –≤—ñ–∑—É–∞–ª—ñ–∑–∞—Ç–æ—Ä–∞ –µ–∫—Å—Ç–µ—Ä'—î—Ä—ñ–≤,11 days ago,Anywhere,https://mir-s3-cdn-cf.behance.net/32a4a83e27c32cbfc0cebad6049172c8/b7b45456-e982-43a9-81ef-eee022dc1dc9_acc_180x180.jpeg?h=5334616329d9c6d4ba855abfdadfcaa9
Aurika Tech,Product Photography Internship,We are seeking a motivated and creative Product Photography Intern.,11 days ago,India,https://mir-s3-cdn-cf.behance.net/af2ae315706b7e99f2a5e99f60b74697/e0e12a3c-ad63-4c05-82e5-cea05fa6e091_acc_180x180.png?h=685415bc300724c5b561c0207e8e6c85
Vivi5 Studios,Motion Graphic Designer,We're looking for Mid-Level Motion graphic designer with 2D character animation experience,11 days ago,"Bangalore, India",https://mir-s3-cdn-cf.behance.net/6cbefdb0eca84b5b52ea87d883a3d1bf/0e7da7ee-d283-4a5a-89bb-cf3bbb274795_acc_180x180.jpg?h=6b008a1300dd70dc4826e92637423292
SAVA META,UI/UX Designer (Web/Mobile/VR application),UI/UX Designer (Web/Mobile/VR application),11 days ago,Vietnam,https://mir-s3-cdn-cf.behance.net/b0268ba6761e4a0d3dd5ab97c3dfff49/b36b2c56-b474-47b1-901f-abbd16e9073e_acc_180x180.jpg?h=1d56baa27154a037f976c9d47ccd74e5
SAVA≈û GRUP A.≈û,ƒ∞≈ü Veren,Video D√ºzenleme ve Animasyon Uzmanƒ± ƒ∞≈ü ƒ∞lanƒ±,11 days ago,Turkey,https://mir-s3-cdn-cf.behance.net/21e051ee73a13bdd039ecea4b992adda/6768417f-87fe-4b00-98e8-543a65d6b8f2_acc_180x180.jpg?h=788d044b400c8e10ceea83d14ad9a6fb
Firstcry.com,Product Stylist,We are looking for creative Product stylist for our team,11 days ago,"Pune, India",https://mir-s3-cdn-cf.behance.net/910e2769e604835d7b0aac7d4730585e/c45123f5-c0f3-470a-aa3d-9d859c5a9463_acc_180x180.jpg?h=a8e45860c0c9879c2d1796c6b8f64e7d
Network Singapore,Cinematic Video Editor,We are looking for a skilled video editor to produce social media ads & content,11 days ago,Anywhere,https://mir-s3-cdn-cf.behance.net/6fd0b1ed82b4b0878d9c625411469ab4/16ea7050-dbd3-4e4b-9577-193487cd82a1_acc_180x180.png?h=74efa060d3f6c140d746bb1eaf18649f
The Bubblegum Co.,Video Editor,We are looking for a full time video editor willing to learn and grow with us!,12 days ago,"Kolkata, India",https://mir-s3-cdn-cf.behance.net/a1b260f90eeb55c1a1441ef887bda119/4ca9531d-8e47-4720-b17d-e99ec55172e2_acc_180x180.png?h=444c5cc82935eebd6a81405dbd7c24d3
Studio Unabridged,Junio Graphic Designer,Looking for a Junior Graphic Designer to craft compelling engaging social media designs.,12 days ago,Anywhere,https://mir-s3-cdn-cf.behance.net/caab2058b71837f666fd73b92c1e6fd8/83a33d20-7024-4bb6-82c1-ddb24286e784_acc_180x180.jpg?h=4d84970a3f44c27e8f7537b8a5969025
Taroko Software,Senior UI/UX Designer,To drive a big rebranding effort as we expand our product offerings beyond legal forms,12 days ago,Anywhere,https://mir-s3-cdn-cf.behance.net/f050f319c2637093501d5c19ca3c96a9/c1962406-9ac6-46fe-a4f5-71300b171dc9_acc_180x180.png?h=6e81b1a338fe8a7cb275e87da214f7b0
Glam,UX Designer Web,–ú—ã –∏—â–µ–º UX Designer Web –≤ –ø—Ä–∏–ª–æ–∂–µ–Ω–∏–µ Glam AI,12 days ago,"Tbilisi, Georgia",https://mir-s3-cdn-cf.behance.net/aa73af83a13085fc46196280bac387c1/8fa947dd-026b-4d87-8b37-507cda819c24_acc_180x180.png?h=d1dd132a402253734e241d872c6b1530
Salecha Lifestyle LLP,graphic designer,Graphic Designer needed! Photoshop/Illustrator skills a must. Apply now!,12 days ago,"Mumbai, India",https://mir-s3-cdn-cf.behance.net/a39f3c047e7609ccd8f207daef06d3de/65c795ee-5ab3-48d2-8b49-9825dd747a96_acc_180x180.png?h=1828dcec276fabf39cae902f5d338ccc
SD Solutions,Senior UI/UX Designer,Looking for a UI/UX Designer specializing in eCommerce for the jewelry and home decor,12 days ago,Colombia,https://mir-s3-cdn-cf.behance.net/aee918f9ff02010fd00778371051fc1f/f5e691c8-0a2e-4b13-b30a-20746eef135d_acc_180x180.png?h=2d25e6dedd4046aea67ef3d52f6da1b0
Apex Web Network,Creative Brand Designer ( Graphics and Media),"We are actively looking to engage an experienced creative brand designer,",12 days ago,"Lagos Island, Nigeria",https://mir-s3-cdn-cf.behance.net/65cd562684367543be36c646b3dc75ee/a0e64473-fb77-491b-b55c-8a361240924a_acc_180x180.png?h=e4eb826331e2d04d2b7454ada7b728d8
Infinite Plus,Graphic Designer,We are looking for a Graphic Designer to join our friendly team.,12 days ago,Anywhere,https://mir-s3-cdn-cf.behance.net/9516cfbdc01edab4650642178fa2d973/58bedb7b-7ff5-47b5-9308-573ad2774aa1_acc_180x180.png?h=a1f030f85d4ab0f6bd1b37da451b3888
Alestra Solutions,Pitch deck Designer (Night Shift),Pitch deck designer required for night shift,12 days ago,Anywhere,https://mir-s3-cdn-cf.behance.net/2fa36c0729beb0019630cdaf1c4a401a/af5f1678-61d8-404c-9a53-e2345df16ccb_acc_180x180.jpg?h=96de3ced9a193f264954e5d8a3d3cfc5
K events,Graphic Designer 3D,We are looking for a 3D Graphic Designer with a solid experience in the event industry.,12 days ago,"Casablanca, Morocco",https://mir-s3-cdn-cf.behance.net/15c9a61b002106500df2b8f565ed7067/18d0eab6-75eb-428c-85df-52191aed6e71_acc_180x180.jpeg?h=764f9ab2c50e1a5553c1225cef42c9fb
Scalehub Marketing,Graphic Designer,We are looking for a Creative & skilled Graphic Designer,12 days ago,Anywhere,https://mir-s3-cdn-cf.behance.net/3dd8b9602b2f1ab8c09a3c783c94d063/785331bf-1430-44e9-9e93-e1b5e34df4c4_acc_180x180.png?h=92702dac98420c4185915b7b21782f5f
Oryx Village,Videographer,We are looking for a Videographer cum Editor with experience using video editing tools,12 days ago,"Kanhangad, India",https://mir-s3-cdn-cf.behance.net/acb8c964a3bf81b79ab67b2d4a964987/ae184b91-c597-4a3d-b9e4-4f4e8b37f518_acc_180x180.png?h=d09cdc02920a0d1683ed335457bd5fea
TUT Ecommerce Company,graphic designer,we are looking for creative designer with corporate experience,13 days ago,"Cairo, Egypt",https://mir-s3-cdn-cf.behance.net/59bc4a130f74172c819de669623ca882/7190b1db-8be0-4a64-9a42-a219d3e0a069_acc_180x180.png?h=aa3503566f6751a27eb62129d2e7d916
Charit Studio,3D Motion Graphic Designer,We are looking for a 3D Motion Graphic Designer specialised in 3D Animation and Rendering,13 days ago,Anywhere,https://mir-s3-cdn-cf.behance.net/3e3c163eefd633fe1cd8e657254b8ff0/f8c3d345-6cb3-4689-ade2-f663f946d9d3_acc_180x180.png?h=933c9eeb16687d4b916deb221d5cdc01
IClimb,UI/UX Designer,We are looking for a experienced UI/UX Designer,13 days ago,"New Delhi, India",https://mir-s3-cdn-cf.behance.net/5465b4fcb981cb9af3c7880a36ba4271/2208b3cf-0b67-4eaa-acf8-9267b2786607_acc_180x180.png?h=90203dfade53743541b23f8455ad80f0
wooing,UI/UX Designer,üé® UI/UX Designer Wanted: Help Us Build Something Truly Meaningful!,13 days ago,Anywhere,https://mir-s3-cdn-cf.behance.net/e2aee49c597d7a78383b586600bc8c83/c092ef6e-7a3b-4228-99f8-727cf81900cc_acc_180x180.png?h=4cfdaacb41460646dc4729e0e9809fa5
Leeford Healthcare Limited,Graphic Designer,Graphic Designer - 4yrs,13 days ago,"Ludhiana, India",https://mir-s3-cdn-cf.behance.net/53786cc7e0f11ca36396364dab5728d0/3010e39b-3ec2-44c2-8809-df687f0c7ce9_acc_180x180.png?h=dc36851736e19f72b1224743c1a98df0
Black Pepper Events.com,Senor 3d Designer,We are looking for Senior 3d Designer,13 days ago,India,https://mir-s3-cdn-cf.behance.net/d08fbbe800735dbb60d15ad2d02b904a/931e98fa-2cf1-453f-af54-d4299be94e9b_acc_180x180.png?h=2f46509835fb3e6abf795d0f544a47dc
Vera Interior,Graphic Designs & Video Editor,Remote Graphic Designer & Video Editor is needed for an interior design company in Riyadh,13 days ago,"Cairo, Egypt",https://mir-s3-cdn-cf.behance.net/971bd1f3cf62828fa4b608199954229d/13daec27-a5e0-4a99-a3b9-1c7f21981208_acc_180x180.png?h=8a0c43e815041436a2f6e877a973aaeb
SAVAS GRUP ƒ∞N≈ûAAT,Dijital Tasarƒ±mcƒ±: Grafik ve UI/UX Uzmanlƒ±ƒüƒ±,Sava≈ü Grup A.≈û. Grafik Tasarƒ±m Uzmanƒ± Arƒ±yor !,13 days ago,Turkey,https://mir-s3-cdn-cf.behance.net/39f2bf97a56a372dc4bded3d142ff3a3/c4e99112-2216-4f8d-8b41-f8308c106454_acc_180x180.jpg?h=304da4354413a74b8ef1323b32952e56
C√¥ng ty TNHH Th∆∞∆°ng m·∫°i v√† XNK H√† L∆∞∆°ng,Nh√¢n vi√™n thi·∫øt k·∫ø ƒë·ªì h·ªça,Ch√∫ng t√¥i tuy·ªÉn d·ª•ng 1 nh√¢n vi√™n thi·∫øt k·∫ø l√†m Partime 3 ng√†y/ tu·∫ßn,13 days ago,Vietnam,https://mir-s3-cdn-cf.behance.net/ef8c2dc31947cbb18a5d1f76e3f7bcbe/658dcbbe-1ba8-4e05-9dc0-8b76ca54c165_acc_180x180.jpg?h=45fc90c6a103b71bcb5a41447db630a3
Logo&Co,CGI / MOTION GRAPHICS VIDEO EDITOR,We are looking for a CGI / Motion graphic video editor,13 days ago,Anywhere,https://mir-s3-cdn-cf.behance.net/fd5db20161364843c30b8b97f6a4e0bf/8551cf31-7226-4cf5-b924-4b71024d1eac_acc_180x180.jpg?h=a0c6c67d46a8ef096afe1936d16446b6
ThunderClap,Sr. Motion Designer,We're seeking a Sr.Motion Designer to bring websites to life through innovative animations,13 days ago,Anywhere,https://mir-s3-cdn-cf.behance.net/b9b89f2d32352d1a4e02bd0bb96c5779/44b832f7-ef89-4cae-a0d5-2be5ee10b19d_acc_180x180.png?h=883fd70a30ea5fd1ec0c281c08eb8c3c
Lost Ferry Interactive,UX & Graphic Designer,Looking for Graphics & UI/UX designers to join us on contract or FT basis,13 days ago,Anywhere,https://mir-s3-cdn-cf.behance.net/569c3be1378ad975065ffdad5fa12bb1/d9d4bd69-dc3d-43b5-9cdf-66cb0caf6c98_acc_180x180.png?h=4ed6adf5269ab390066d11b35cc6341d
Refine Interior Design,Videographer,We are looking for a talented Videographer,13 days ago,"Dubai, United Arab Emirates",https://mir-s3-cdn-cf.behance.net/84365db40c2fd50ec36bf1dfb484925a/e4234334-906f-4486-91ab-eae923b768b1_acc_180x180.jpeg?h=372b2af1f8528b7e7f6ecc3a3d38c245
Suhaus Designs,Social Media Manager- Media Promotions,Social Media Rockstar Wanted!,13 days ago,"New Delhi, India",https://mir-s3-cdn-cf.behance.net/ba7e4d9288337c8e8d5040de06dd4123/c632d31b-55af-4743-978f-be7c90c46d2a_acc_180x180.png?h=016a2125d2ac64ebdfe96d4b352f9853
Scalpers,Fashion Graphic Designer,Estamos buscando un/a dise√±ador/a gr√°fica de prenda para el Dpto de Producto,13 days ago,"Sevilla, Spain",https://mir-s3-cdn-cf.behance.net/4d21d913c5b11b5d42f475b130219991/573d24ef-537c-4e40-8de5-5855a7bee674_acc_180x180.png?h=b57eb5ad859d0c2163ee1ea21cca9ece
Camouflage Studios,Talented 3D Visualization Artist/Architect Urgently Needed,3D Visualization Artists/Architects are needed due to rapid expansion,13 days ago,"Cairo, Egypt",https://mir-s3-cdn-cf.behance.net/13901f3f357d4e5c0a87b877812e695b/d867734f-3736-415d-a753-f61b4cdc9760_acc_180x180.png?h=94a129b87b036fbc2514abe03e64790e
Camouflage,3D Visualization Team Leader,Team Leader 3D Visualization Artists/Architects are needed due to rapid expansion,13 days ago,"Cairo, Egypt",https://mir-s3-cdn-cf.behance.net/64d123eef3598f22f80fe5c8bb9effb8/47ec8498-e932-447c-9b61-28c18d50f38b_acc_180x180.png?h=7f2fe31cb23d6da18c10899d576d349a
Camouflage Studios,Talented 3D Visualization Artist/Architect needed due to rapid expansion,Talented 3D Visualization Artist/Architect needed due to rapid expansion,13 days ago,"Cairo, Egypt",https://mir-s3-cdn-cf.behance.net/47f92cd372e89cad71b381fd5bcc851e/32560861-0878-46c8-96b2-9a5588005969_acc_180x180.png?h=d8799f33b96ca3eca5861090a96db7b0
Camouflage-studios,Full-time/Part-time 3D Artist,We are looking for Full-time/Part-time 3D Artist Proficiency in 3D Modeling,13 days ago,"Cairo, Egypt",https://mir-s3-cdn-cf.behance.net/69c798e98f0da14a31474fae42a99c7d/b67b595a-fde3-4520-b9dd-3f93f2eff4fb_acc_180x180.png?h=023158a88ba8804f9bd503826292d143
Fetch Technology Vietnam,2D Concept Artist,2D Concept Artist - $1400 Net,15 days ago,"Ho Chi Minh City, Vietnam",https://mir-s3-cdn-cf.behance.net/a5c486fb424ed98ec015481b75900540/ad387c4a-b077-44d9-af0b-097ec2f4e246_acc_180x180.png?h=89232b4dfb485a6fd4db5e653b138d8a
Fetch Technology,2D Animator (Spine),HCM - 2D Animator (Fulltime) - $1400 Net,15 days ago,"Ho Chi Minh City, Vietnam",https://mir-s3-cdn-cf.behance.net/66c4c53711d223cc6adc46a733fceda8/62e1622e-c002-4550-a14e-da08507ae55c_acc_180x180.png?h=f7282d23b7f9c9657bdc4407966c4d5d
Latam Management Recruitment,DISE√ëADOR INDUSTRIAL BILINGUE,"Se busca un Industrial designer bilingual - freelance,para una empresa de EEUU.",16 days ago,Anywhere,https://mir-s3-cdn-cf.behance.net/4ffa3c807f9c8dbbf5a4314f40b54b49/54d61973-4c94-437f-ba25-7b641146524b_acc_180x180.png?h=ed10f8c139e3d8492906843bfca808e9
Remedia,Dise√±ador (a) grafico de comunicaci√≥n,Buscamos Dise√±ador(a) de Comunicaci√≥n para unirse a nuestro equipo.,16 days ago,Mexico,https://mir-s3-cdn-cf.behance.net/dc303a3bd53ea828cee9222347d6c17f/e653eeba-7e70-4650-a864-d29462871b9f_acc_180x180.png?h=44eac183e32b18b71fba0afab781640a
Truffle Bay GmbH,SENIOR BRAND DESIGNER (w/m/d),"SENIOR BRAND DESIGNER (M/F/D) We're hiring - effective immediately, on a permanent basis",16 days ago,Anywhere,https://mir-s3-cdn-cf.behance.net/e6fb25675ae7c55129f3bdd673808967/9198e093-a1d5-4861-bc01-955ce80d2df8_acc_180x180.jpg?h=51713e1759607b2d1971a8cdbb0a469b
Kaizen Hogar,Community Manager-Filmmaker,Buscamos Community Manager-Filmmaker,16 days ago,"Santo Domingo Este, Dominican Republic",https://mir-s3-cdn-cf.behance.net/93c8e8e1df7f16a22c33175ce3c0101c/b42aea5d-a120-467b-8fe8-ad20d93927a3_acc_180x180.jpg?h=dec2ed693393847f943fa11ae1fb46ee
Brand & Bread,Graphic Designer,We are looking for Sr Graphic Designer with 2+ years agency experience.,16 days ago,"Ahmedabad, India",https://mir-s3-cdn-cf.behance.net/2f8286cabf383a62d469abf46fdaba6f/5f3c3aee-d991-4243-84ed-65c33c4760a6_acc_180x180.png?h=14b0dad309ea22a3912bec839b7acf64
Network Singapore,Website Designer/Graphic Designer,We are looking for a website designer that has a strong ability in graphic design,16 days ago,Anywhere,https://mir-s3-cdn-cf.behance.net/8e3fe4f998f06e251c80e8084b2164aa/9efdbb1e-0fbb-4af3-bff7-aecd2abd250b_acc_180x180.png?h=f77151c32c57cf5f3b9f52e0920f905b
Team Pumpkin,Marketplace Creative Designer,Designer for Marketplace Creatives A+ / Gallery Infographics,16 days ago,"New Delhi, India",https://mir-s3-cdn-cf.behance.net/e0b5f510881f590f4651a5647a39e4a9/46e045d2-4c8f-41ad-adc7-715f08e14f99_acc_180x180.jpg?h=480f1d91c79d8fb3d253dff90170c8d9
Optimite,Head of Design,"As our Head of Design, you will drive design strategy, enhance team capabilities in Figma",16 days ago,Anywhere,https://mir-s3-cdn-cf.behance.net/31a8ca1a7688912592c6c3e789544b71/b5b8951e-2f34-4553-9d10-d80fa37ff2d2_acc_180x180.png?h=2e4daf08793cbe9296ab99fea90d2e8d
Marvin Visual,VR Developer(Unreal Engine),We are looking for a VR Developer in Unreal Engine,16 days ago,Anywhere,https://mir-s3-cdn-cf.behance.net/8eca10f2042db6b92b2a7f6318e3572b/0a013dc5-c49a-4393-8ec6-4897f147892c_acc_180x180.jpeg?h=fd8644c3f3f1b901d2fa3f2bc25ccaea
Sydney Harbour Federation Trust,Design and Marketing Officer,"Join our dynamic Marketing team at the Harbour Trust in 2025, and unleash your creativity!",16 days ago,"Mosman, Australia",https://mir-s3-cdn-cf.behance.net/252d895da365d7cf342d7e16388b0ed3/6d8431df-164c-4a9f-a206-aaf14448eb3f_acc_180x180.jpg?h=3e1c0aed078eae7147b28b7bc05c614e
Nfinite,Junior AI Image Generation Specialist,We are looking for creative skilled artists to create AI-based interior visuals (remote),16 days ago,Anywhere,https://mir-s3-cdn-cf.behance.net/a1063e6df26573c90379bad640fe83f4/d62047e9-f5aa-4fbf-a60c-8e0ddb291e1c_acc_180x180.png?h=4eaf6fda4d9248e88fd4e5f872644a4f
Diana Danieli Home,–°–ú–ú-–º–µ–Ω–µ–¥–∂–µ—Ä,–ú—ã –∏—â–µ–º –°–ú–ú-–º–µ–Ω–µ–¥–∂–µ—Ä–∞ –≤ –∫–æ–º–ø–∞–Ω–∏—é –Ω–∞ –≤–µ–¥–µ–Ω–∏–µ –≤—Å–µ—Ö –Ω–∞—à–∏—Ö —Å–æ—Ü.—Å–µ—Ç–µ–π,16 days ago,"–ú–æ—Å–∫–≤–∞, Russian Federation",https://mir-s3-cdn-cf.behance.net/d8748e40b75fa9543b7afe8c8f01eae0/79b97f3b-c08f-4b20-99e4-6785ad0a47bf_acc_180x180.jpg?h=83e80364cc5ac488ba3011bf24658165
Diana Danieli Home,–§–æ—Ç–æ–≥—Ä–∞—Ñ-–≤–∏–¥–µ–æ–≥—Ä–∞—Ñ,–ò—â–µ–º —Ñ–æ—Ç–æ–≥—Ä–∞—Ñ–∞-–≤–∏–¥–µ–æ–≥—Ä–∞—Ñ–∞ –≤ —à—Ç–∞—Ç –∫–æ–º–ø–∞–Ω–∏–∏,16 days ago,"–ú–æ—Å–∫–≤–∞, Russian Federation",https://mir-s3-cdn-cf.behance.net/5ea00b1c771ba935f4fa35beb9d7709b/2cb547ce-b554-4b58-9b05-a802a5c1bd2c_acc_180x180.jpg?h=be51043da2bb55c1eedb5ec4eea3cecd
Arnatdes,Junior Transportation designer,"Transportation Designer with knowledge in Photoshop, Alias and Blender",16 days ago,India,https://mir-s3-cdn-cf.behance.net/44e3d627e41100a257332d0f1ae06b2a/d8e520ed-ca47-4734-8c92-509339a340d9_acc_180x180.png?h=7af6bc2d3bbf0f07ca1f9235f247db67
Arnatdes Mobility Design solution LLP,Junior 3d Animator (blender),We are hiring Animators with good skills in blender. Freshers can also apply,16 days ago,India,https://mir-s3-cdn-cf.behance.net/660acca4238e827dc3daece6b9bae5de/0fa3916f-40a1-4161-adc3-eabe041f7dfa_acc_180x180.png?h=91b9aad4d25c3a21809d7ecc378b7bb7
–ü–æ—Ç–æ–∫,–ö–æ–º–º—É–Ω–∏–∫–∞—Ü–∏–æ–Ω–Ω—ã–π –¥–∏–∑–∞–π–Ω–µ—Ä,–ú—ã –∏—â–µ–º –∫–æ–º–º—É–Ω–∏–∫–∞—Ü–∏–æ–Ω–Ω–æ–≥–æ –¥–∏–∑–∞–π–Ω–µ—Ä–∞ –≤ –æ—Ç–¥–µ–ª –º–∞—Ä–∫–µ—Ç–∏–Ω–≥–∞.,17 days ago,Anywhere,https://mir-s3-cdn-cf.behance.net/915e0b42d1e37d057fa6804fcbbe60f2/ff2fbe0e-cb1d-4713-bcc2-51b9e0303c01_acc_180x180.jpg?h=84af1d44564b5837face426a698daf9f
The Brand Brew,Video Editor,We are seeking a creative and detail-oriented Video Editor.,17 days ago,"New Delhi, India",https://mir-s3-cdn-cf.behance.net/e8c6e56992ab1abf020c775f70c6ae33/ae229fba-43dd-4baa-a2a9-1784c2d98f3c_acc_180x180.jpg?h=cf317dfb5ff022eb01018d63e0b70068
C√¥ng ty C·ªï ph·∫ßn Truy·ªÅn th√¥ng v√† Qu·∫£ng c√°o MIC Creative,Video Editor,[C·∫ßu Gi·∫•y - HN] Tuy·ªÉn d·ª•ng Video Editor_ 06 th√°ng kinh nghi·ªám,17 days ago,Vietnam,https://mir-s3-cdn-cf.behance.net/36dfcda77c3885692cacb6f3ed7d2ce6/9c7ae46c-466a-4588-b372-5e104176e57e_acc_180x180.jpg?h=c1857ca6960d6772df6714b04db9e7e3
BananaCrystal Inc.,Ruby on Rails Backend Developer,We are looking for exceptional Ruby on Rails Backend Developer to join our team.,17 days ago,Anywhere,https://mir-s3-cdn-cf.behance.net/3f44281ae4f2ffdd914cf1a54f8816c1/be036de9-2e76-4932-bd1f-a50678d680ff_acc_180x180.png?h=32e955bed0121d51f375b2b9bc60935b
VadeCom,Graphic Designer (Identity & Social Media Design),seeking a talented Graphic Designer with experience in brand identity and social media,17 days ago,Egypt,https://mir-s3-cdn-cf.behance.net/843480da07bd87ed2e65cc86bc14a049/91b5197f-8ddd-4117-bfa6-e579783b1023_acc_180x180.png?h=f92e49bad5c861e702a24ea39c2fc488
BananaCrystal Inc,Quality Assurance,We are looking for an exceptional Quality Assurance personnel to join our team.,17 days ago,Anywhere,https://mir-s3-cdn-cf.behance.net/72f8409ba7b942b32f550f25c6274e23/4b055ac3-d1ac-475e-a5e5-7ec43f255e08_acc_180x180.png?h=9f208757839d239367d8b96dd174c93d
BananaCrystal,Content Creator / Video Editor / Graphics Designer,We are looking for exceptional Content Creator/Graphics Designer to join our growing team.,17 days ago,Anywhere,https://mir-s3-cdn-cf.behance.net/7cad1dda6f82c938d05769f5328b3755/7e159fd4-2d94-4331-85ff-ab61162c682e_acc_180x180.png?h=72a89b46463016228f25c43e306b2e1b
Minzona,Graphic Designer - Printing,Print Designer possesses a deep understanding of printing standards and design principles,17 days ago,"Alexandria, Egypt",https://mir-s3-cdn-cf.behance.net/f1e1f525bd515fefa3b54890462ba767/c8996ab1-c211-4c60-9a73-d5b56b13f41b_acc_180x180.png?h=5f63905370421dd14c00ea57010c7d35
Triveous Technoologies,Junior UX/UI designer,We are looking for a Junior UX/UI designer for our team.,17 days ago,Anywhere,https://mir-s3-cdn-cf.behance.net/8481562482b6fffb186da057de918866/b60f7dc8-9536-4c4c-825c-1c9ed6ab1d38_acc_180x180.png?h=73a5b4ee6aea32f3e9fa843b8544b84d
Metron Security,Hiring Graphic Designer from IT domain,2-4 years of experience in IT domain,17 days ago,India,https://mir-s3-cdn-cf.behance.net/b5cd6ef2b99956b6e92d5cafb50637c5/47ed26ac-7f93-4547-857b-c17ac399eedb_acc_180x180.png?h=0ce9001683074e0ec21cf0590bd52802
BH Complete Solutions,Graphic Design Specialist (e-commerce),Creative Graphic Designer to join our team and help elevate our Amazon product listings.,18 days ago,Anywhere,https://mir-s3-cdn-cf.behance.net/33cc00091b6729667904ebb8f938bf96/09b38e3b-19d9-4bc1-8ac4-ec568118855a_acc_180x180.jpg?h=734c8de4fee6771079ec63c66a0cea6a
Anagram,Dise√±ador Multimedia,Buscamos a un experto en dise√±o multimedia,18 days ago,Anywhere,https://mir-s3-cdn-cf.behance.net/c99dfc743936601393ebfcc5fba4b0ec/889867a0-d990-420d-943e-062cf246ec6f_acc_180x180.png?h=8a4a33580995e6583234771ec2f86127
DALCATECH,Analista de Marketing,Procuramos por um profissional com experi√™ncia em tr√°fego pago e edi√ß√£o de v√≠deo,18 days ago,"Curitiba, Brazil",https://mir-s3-cdn-cf.behance.net/f3c7131ac8e25796e1bc1cd7608362d6/b01d9473-393c-4874-a3b0-1c6a4eb4520f_acc_180x180.jpg?h=3f532c7b32561fa07d9b5f4c495cb815
–¶–ï–•,–ì—Ä–∞—Ñ–∏—á–µ—Å–∫–∏–π –¥–∏–∑–∞–π–Ω–µ—Ä (junior+/middle),"–¶–ï–• –∏—â–µ—Ç –∫–ª–∞—Å—Å–Ω—ã—Ö –≥—Ä–∞—Ñ–∏—á–µ—Å–∫–∏—Ö –¥–∏–∑–∞–π–Ω–µ—Ä–æ–≤, –≤–ª—é–±–ª–µ–Ω–Ω—ã—Ö –≤ –¥–∏–∑–∞–π–Ω, –∫–∞–∫ –∏ –º—ã!",18 days ago,Anywhere,https://mir-s3-cdn-cf.behance.net/64f82211a0b1e5c350bfe46b6de91c54/26a67beb-873b-427f-93bb-03c9039feee3_acc_180x180.jpg?h=407cea2075e7b4941459d6b11caf1dd3
Boolanga,Sportswear and Apparel Designer,We are looking for a skilled Apparel And Sportswear Designer to join our team!,18 days ago,"Budapest, Hungary",https://mir-s3-cdn-cf.behance.net/767e864f1c74de0002ca99a47d5a996f/d1fd6343-ba52-4356-a304-2273d3171d8d_acc_180x180.png?h=de95fdfff518dafa66cda16bb469a0c5
Firstcry.com,Manager-Styling,We are looking for Manager for our styling team,18 days ago,"Pune, India",https://mir-s3-cdn-cf.behance.net/2d33ec6022e668b67063d4653f9219b2/90feb31a-316f-4726-a7a9-0a68dde09e9f_acc_180x180.jpg?h=d75e5dddc0ee6cbb4497d99243e29e57
Firstcry.com,Sr.Graphic Designer,We are looking for creative Sr.Graphic Designer,18 days ago,"Pune, India",https://mir-s3-cdn-cf.behance.net/acbc54bf8cd5de39f40ddaf51bb319a5/761b3f1e-89f5-4aca-b1a4-34a04413220e_acc_180x180.jpg?h=0a895dd306819a9359a0ef40524d2eae
Tv Azteca,Creativa Jr.,Creativa para campa√±as de marketing 360,19 days ago,Mexico,https://mir-s3-cdn-cf.behance.net/af8996f9988ff867b95464ef37b8fcbc/f6c6a5dd-1c51-40ff-88ad-7425ee8bf496_acc_180x180.png?h=af7b36df9f750c75973b5203bc187781
Tv Azteca,Dise√±adora Gr√°fica Jr,Dise√±adora gr√°fica con conocimientos en marketing para campa√±as 360,19 days ago,Mexico,https://mir-s3-cdn-cf.behance.net/02da58ff7ab9b49d2ae55d5587dee307/bc76adc8-3e31-44e1-9f34-fc1e372b66a0_acc_180x180.png?h=556dae948b39d833c8b409f4440283ff
Wright plan,Interior Designer,We're looking for a talented Senior Interior Designer to join our team!,19 days ago,"Cairo, Egypt",https://mir-s3-cdn-cf.behance.net/0df689d65bc4d84343912d6b01585fb0/e5aab1ce-f1cd-419d-b195-bcfe92f0605a_acc_180x180.png?h=d976bebab763322791b0d30ec0a0ea9c
Transom,INSITE Graphic designer/ilustrator (THIS IS ONLY FOR Puerto Rico residents or willing to move),We are looking for a creative graphic design/ilustratator for our screen printing shop,19 days ago,"San Juan, Puerto Rico",https://mir-s3-cdn-cf.behance.net/d8c672e5e7c71e8c0efe125867a23dcd/99b387f3-8e4a-4f37-99f9-4dac8bcf651c_acc_180x180.jpeg?h=00372888c7dec694b561681a190a4df2
HR Chromatics Private Limited,Junior Architect ( Female),"Seeking a Junior Architect skilled in AutoCAD, SketchUp & visualization tools!",19 days ago,"Bahria Town, Pakistan",https://mir-s3-cdn-cf.behance.net/037ae25d6a8a98947ca19c90136e6650/5e958e97-a2aa-47b4-8d46-7b10906387c1_acc_180x180.png?h=37e1a93c1ec41d8228ee23a8d424f8db
Quite Good,Graphic Designer,We are looking for a full-time Graphic Designer with proficiency in Social Media Graphics.,19 days ago,India,https://mir-s3-cdn-cf.behance.net/703804d47ed530966cf6d7fcf21a364a/b3a19c64-6e5a-4564-934f-4c5a8bb2c7e8_acc_180x180.png?h=90c9ea49f56d8cb5824668e391ea1802
